ID,IncomeLevel,UrbanType,EducationLevel,CrimeLevel,RegionCode,medIncome,PctUnemployed,PctFam2Par,PctPopUnderPov,ViolentCrimesPerPop
1,,3,1,3,,,0.27,0.55,,
2,,,3,,,,,,,0.67
3,4,,,,,0.3,0.36,0.42,0.27,
4,1,3,1,2,2,,,,0.1,
5,,,1,4,2,,0.12,,,0.03
6,1,3,1,2,,,,,0.12,0.14
7,,3,1,,,,0.28,0.77,,0.03
8,,1,2,1,6,0.16,,0.45,,0.55
9,,,3,,,0.17,,0.51,0.45,
10,,,1,2,1,,0.11,0.65,0.11,
11,,3,1,,6,,0.32,0.62,,0.24
12,,3,1,,2,0.72,,0.85,0.07,
13,,,1,,2,,0.24,,,0.06
14,,,1,2,1,,0.13,0.88,0.07,0.09
15,,3,,3,,,0.19,,,
16,2,1,,,,0.18,,,0.33,
17,,,,1,2,0.22,0.37,0.2,,0.49
18,1,3,,,,0.79,,,0.04,
19,,,,2,,0.33,0.19,0.66,0.22,0.15
20,4,2,,4,,,,0.76,0.28,0.03
21,,,,,6,,0.59,,0.34,0.34
22,,3,,,4,0.28,0.3,,,
23,2,,,,,,0.63,,0.58,
24,4,,3,,,0.22,,,0.36,0.63
25,2,1,,3,6,0.16,1.0,,0.63,0.31
26,4,,1,,,,,0.58,,
27,,,3,1,6,0.35,,,,0.84
28,,1,,2,,,,,,0.1
29,2,,3,1,,0.12,,,,0.49
30,1,1,1,4,2,,0.22,,0.01,
31,,,3,,,0.16,,,,
32,,3,3,,,0.25,0.28,0.51,0.33,0.19
33,2,3,1,,,0.02,,,,
34,2,3,1,,4,0.2,,0.41,0.43,
35,,3,1,,,0.8,0.16,0.79,0.06,
36,2,,,3,,,0.45,0.47,0.38,
37,,3,1,,6,0.58,0.2,0.78,0.1,
38,,,,3,,0.18,,,,
39,2,1,,2,5,0.17,,,,
40,1,,1,4,,0.58,,,0.02,
41,3,,,2,,,,0.72,0.1,0.11
42,,,3,4,2,0.32,,,,
43,2,,,,,0.16,0.56,,0.54,
44,1,3,1,3,,0.56,0.27,0.68,0.17,0.22
45,1,3,,3,2,0.78,,,0.07,0.17
46,4,,1,,,0.25,0.34,0.7,0.44,
47,,2,3,,,0.47,,0.72,0.18,
48,,,3,2,,,,,,0.12
49,3,,,,,,,0.62,0.18,0.11
50,4,,3,2,,0.23,0.47,0.57,0.34,
51,,3,3,,,0.24,,,0.43,0.2
52,,3,,,,0.38,0.44,,,
53,,3,3,,2,,,0.65,,
54,1,3,,,2,,,,,0.05
55,,,,,1,,,0.59,0.43,0.1
56,2,1,,,5,0.13,0.65,,0.61,0.28
57,,,,3,,,,,,0.22
58,2,,,3,,,0.44,,0.43,
59,,,,1,4,,0.33,,0.3,
60,,,2,,,,0.22,0.66,,0.05
61,,3,1,,2,0.52,0.2,0.81,0.08,0.03
62,4,1,3,,4,,0.18,,,0.07
63,2,1,3,,6,,0.47,,0.5,
64,,,3,,,0.24,0.51,,,0.57
65,2,1,2,,,0.18,,,0.44,0.37
66,,,1,2,,,0.08,,,0.14
67,,,3,,,,,,0.37,
68,,,1,,2,0.74,0.21,0.81,,
69,,3,2,,,0.28,0.75,0.42,,
70,4,1,,4,2,0.22,0.23,,,0.05
71,1,3,1,4,1,,,0.95,,
72,3,1,1,3,6,,,,,
73,4,,,4,1,,0.29,0.69,,
74,1,,,,,,,0.86,,
75,,,3,2,,0.41,0.3,0.56,,
76,4,,1,3,2,0.26,0.51,,0.24,0.18
77,,3,2,2,5,0.23,,,0.39,
78,,3,,1,5,,0.89,,,
79,,,,1,6,,,0.42,,
80,,,,1,,,,,0.19,0.75
81,3,3,,,2,0.41,,,,
82,,3,3,,6,,0.54,,,
83,2,,,1,5,0.15,0.33,,,
84,3,3,,,1,0.4,0.23,0.96,,
85,,1,1,,,,,0.54,0.82,
86,2,,,,1,0.14,0.32,,0.31,
87,4,1,,,,,0.15,0.7,0.2,
88,3,3,,2,6,,0.12,,0.11,0.1
89,,1,,,6,0.15,0.71,0.52,0.49,0.27
90,,3,,2,6,0.26,0.3,,,
91,,,,1,,,,,,0.63
92,3,,,,,0.41,,0.66,,
93,,2,1,4,2,,0.21,,,
94,3,3,3,2,6,,0.18,,,0.12
95,3,,1,,,,,0.62,,
96,3,,,1,2,,0.49,,,
97,,1,,,6,0.17,0.56,0.41,,
98,,1,,,1,0.21,,,,
99,,,3,,,,0.35,,,
100,,,3,,2,0.33,0.45,0.57,,
101,,3,,1,,0.21,0.61,,,
102,3,3,3,,2,0.34,0.52,,,0.02
103,4,,3,,4,0.26,0.37,,0.28,0.34
104,,3,,,5,0.22,0.42,0.62,,0.28
105,2,,1,2,,,0.07,,,
106,2,,,1,,0.04,1.0,,0.99,0.44
107,4,3,1,,,0.24,0.34,,,0.24
108,1,,,2,2,0.65,,0.88,,0.09
109,2,,,,,,,0.62,,
110,2,3,,,,,0.53,0.45,0.53,0.4
111,,,3,,,0.28,,0.45,0.24,
112,3,3,3,4,,0.34,0.15,,0.09,0.05
113,1,3,,4,2,0.64,0.26,0.86,0.09,0.06
114,,3,1,,6,0.54,0.24,0.59,,0.2
115,2,3,,1,6,,,,0.43,0.51
116,1,1,,,,,0.12,1.0,,
117,,3,3,1,6,0.3,,0.28,,
118,,,1,4,,,,0.87,0.09,
119,,,1,4,4,,0.22,,,0.06
120,,3,,1,,,,,,
121,3,3,,,4,0.42,,,,
122,1,,1,4,,,0.19,0.86,0.02,
123,1,,1,4,1,0.5,0.13,0.86,,
124,3,3,,,,0.49,,0.78,,0.09
125,,,1,,2,,,,0.2,
126,,,,3,,0.38,0.41,,0.19,
127,3,,1,3,2,,,,0.06,0.17
128,,3,1,,6,,,0.61,,0.14
129,4,,,1,,0.27,0.75,,,0.62
130,4,1,3,,,0.27,,0.7,0.19,0.03
131,,,3,,,,,0.2,0.85,0.23
132,,1,,,2,,0.19,,0.24,
133,,1,,,6,0.15,,0.58,0.42,
134,1,,3,3,,,,0.79,,0.27
135,,,,,2,,,0.76,,
136,,,,4,,0.54,0.34,0.83,0.04,0.06
137,1,2,,2,2,0.64,,,0.08,0.09
138,,,1,3,,0.51,0.16,,,
139,2,1,,1,4,0.15,0.49,0.52,,
140,1,3,,4,6,,,,,0.02
141,,,,,6,,0.22,,0.12,
142,,3,1,,2,,0.39,,,0.09
143,,,3,,,0.17,0.55,0.34,,
144,1,1,,4,2,0.65,,0.93,0.06,
145,3,,1,,6,0.33,0.35,0.6,0.26,0.17
146,,,3,1,,,0.73,,0.47,
147,,,1,1,,,0.62,,,1.0
148,,,3,4,2,0.16,0.46,0.54,,0.05
149,4,1,3,1,,0.23,,,,
150,4,1,,,4,0.23,0.31,0.47,0.47,
151,2,3,,,5,0.2,,,0.49,0.21
152,4,,,1,4,,,,0.49,0.86
153,3,3,,,1,0.34,,,0.19,0.03
154,3,3,,3,2,0.48,,0.84,,
155,2,,,,4,,0.53,0.19,0.66,
156,,,3,1,2,0.25,,,,0.44
157,1,,,4,,0.88,0.07,,,
158,2,1,3,,,,0.51,0.13,,0.73
159,,,1,,4,0.25,,,0.27,0.48
160,,,3,4,5,,,,,
161,,1,1,,1,0.12,,0.59,,0.07
162,,3,1,4,,,0.22,0.73,0.08,
163,,3,1,3,2,0.55,0.42,0.77,0.09,0.17
164,,3,1,,2,,0.32,,0.11,0.11
165,1,3,1,4,,0.61,0.17,0.91,0.05,
166,1,3,1,,,0.64,,0.75,0.13,
167,,1,,,4,,,,,0.05
168,4,,,2,,0.22,0.3,,0.4,0.15
169,4,1,,1,4,,0.23,,,0.46
170,,,3,1,,,0.52,,0.41,0.45
171,2,,1,,,,0.73,,,
172,,,,2,2,0.46,,0.81,,
173,4,1,2,,1,0.22,0.42,0.65,0.3,
174,2,,3,,5,,0.88,0.52,,0.2
175,,3,3,,2,,,0.36,,
176,,3,,,,,0.27,0.79,0.07,0.17
177,,3,1,,2,,,0.86,,
178,,,1,,,,,0.25,0.5,
179,,,,2,,0.22,,0.5,0.36,0.1
180,,,,,5,,0.18,0.6,0.17,0.25
181,,,2,,1,0.18,,,0.4,0.12
182,,,1,3,,0.13,0.77,,0.64,
183,2,,,,,0.16,0.48,0.58,0.58,
184,,3,,4,,1.0,,,,0.02
185,3,3,1,,2,,,0.62,,
186,4,3,1,,4,,,0.46,0.3,0.36
187,1,3,1,2,,0.52,,,0.12,
188,1,,1,4,,,,0.85,0.08,0.01
189,,3,,,2,0.68,,0.82,,0.06
190,3,3,3,2,1,,0.22,,0.09,
191,,,3,2,,0.45,0.46,,0.19,0.1
192,,,1,3,2,,0.38,,0.14,0.21
193,2,,1,,1,0.05,,0.57,,0.1
194,3,3,,,5,0.49,0.15,,0.04,
195,,3,,,6,,0.24,0.91,0.06,0.02
196,,3,1,,,0.68,,0.88,0.04,0.03
197,,2,1,4,,,,0.68,0.1,
198,2,,3,,,,,0.27,0.6,
199,4,3,3,3,,,0.58,,,0.26
200,,1,3,1,,,0.37,0.27,,0.42
201,3,,,3,4,,0.29,,0.16,0.18
202,1,3,1,2,,,,,0.06,0.13
203,,3,2,,,0.28,,0.61,,0.29
204,3,,,1,,0.41,0.41,,0.24,
205,4,,3,4,,,0.07,,0.14,
206,4,,,3,,,0.4,,0.45,0.16
207,,3,,3,6,,0.2,,,0.26
208,4,,,3,,,0.34,0.69,,0.19
209,,,1,,2,0.54,0.27,,0.1,0.03
210,2,,1,2,4,0.18,0.35,,0.76,0.15
211,3,,,3,4,,,0.42,,0.29
212,3,,1,4,4,,0.25,0.78,0.13,
213,4,3,,1,,0.27,,,0.27,
214,,3,1,4,2,,0.22,,,
215,,,,3,5,,0.31,,0.18,0.27
216,4,,,1,6,0.32,,,,
217,,1,1,,5,,,,,
218,4,1,,4,6,0.29,,0.87,,0.04
219,2,,3,,4,,,0.34,,0.16
220,,3,1,4,,,0.23,0.61,,
221,4,1,3,,1,,0.2,0.68,0.28,0.04
222,3,,1,3,,,0.3,0.42,0.3,0.31
223,2,,,,,,0.4,,0.55,
224,3,,,,,0.43,,0.85,,0.05
225,,,3,,,,0.29,,0.24,
226,,3,,2,4,0.14,,0.44,0.55,0.1
227,,1,,,5,0.12,,,0.68,
228,,3,,3,,0.25,,,,0.19
229,,,3,1,,0.12,0.61,,,0.63
230,4,,1,,4,,,,0.47,
231,,,3,4,,,0.48,0.54,,
232,,2,2,4,2,0.23,,0.76,0.19,0.06
233,,1,,,,,0.61,0.52,,0.2
234,,,,1,2,0.23,0.62,,0.56,0.88
235,,3,3,2,,0.55,0.54,0.79,,0.12
236,4,1,,,,0.23,,,0.43,
237,4,3,3,3,,,0.17,0.73,,
238,,3,,,,,0.24,0.88,0.08,0.02
239,,3,3,1,,,,,,0.37
240,4,3,3,3,6,0.3,,0.43,0.28,
241,1,,,,,0.81,0.21,,,0.04
242,2,1,,2,2,0.17,,0.39,,0.12
243,,,,,,,0.43,,0.46,0.32
244,4,,2,,,,,,0.6,0.54
245,4,1,3,,1,0.23,0.48,0.54,,
246,3,,3,3,,,0.27,,0.19,
247,,,3,1,6,,,0.47,,0.7
248,,,2,3,,,0.36,0.44,,
249,2,3,1,1,,,0.43,,,
250,,3,1,4,1,,0.38,0.52,0.56,0.03
251,,3,,1,4,,,0.48,0.28,0.74
252,,3,3,,,0.21,0.41,,0.36,0.63
253,,,1,4,,0.71,,0.89,0.03,
254,,,,2,2,0.46,,,0.14,
255,,,,4,,,,0.93,0.05,0.04
256,2,3,3,,4,,,0.39,0.58,0.93
257,,,3,3,,0.05,0.56,0.41,,0.19
258,3,2,,,,,0.08,0.83,0.12,0.06
259,,,,,4,,0.76,,,
260,,,,,5,,0.93,,0.71,0.1
261,4,1,3,1,,,,,0.26,0.53
262,2,,,,,0.2,,,,0.59
263,2,3,,1,,0.2,0.4,,0.55,0.67
264,,3,,,,,0.17,0.92,0.04,0.01
265,,3,,,,0.42,0.34,,,
266,,1,1,,4,,,0.6,,0.14
267,,,1,,,,0.44,,0.48,
268,4,,,3,1,0.28,,0.51,0.21,0.17
269,2,,1,4,1,,0.34,0.64,0.72,
270,,1,,,2,,0.36,0.43,0.31,
271,1,,1,,2,0.5,,0.78,0.11,
272,2,3,,,,,0.4,0.55,,0.24
273,4,3,,,,,0.22,0.44,,0.35
274,,1,2,3,1,,,0.38,0.43,
275,,,3,2,2,0.51,,,,
276,3,3,,,,0.44,,0.56,,0.36
277,,,,1,4,0.15,0.58,,,0.34
278,,,1,,2,,0.28,,0.08,
279,,,,4,,,0.51,0.66,0.17,0.05
280,4,3,1,,,0.27,,,0.25,
281,,,1,4,,0.11,,0.68,,0.03
282,4,,,2,,0.27,,,,0.12
283,,3,,4,2,,,,,0.06
284,,,3,,,0.23,0.28,,,
285,,,,3,2,0.47,,0.64,0.21,
286,4,3,3,2,,,,,,
287,,,1,,,,,0.33,,
288,1,1,1,4,2,0.86,,0.97,0.04,
289,,,3,1,5,0.22,,,,
290,3,,,,,0.42,0.48,0.84,,0.09
291,,,,2,,,0.5,,,0.1
292,4,,,,4,0.23,,,0.51,0.09
293,,,1,4,2,,,,0.03,0.03
294,,,3,3,,0.24,,,0.33,
295,,,3,,,0.26,,0.7,0.27,0.1
296,,3,3,,2,0.57,0.21,,0.07,0.12
297,3,3,,1,6,0.33,0.41,,,
298,,,,4,,,0.26,,0.0,0.02
299,3,,2,3,,,,,,0.29
300,,,3,1,6,,0.49,,,0.36
301,4,,1,,1,0.29,,0.63,0.25,
302,,1,3,,,,,,,
303,4,,1,,,0.26,,,0.45,
304,4,1,,3,4,,0.35,0.47,,
305,4,3,,4,5,0.26,,0.59,0.22,
306,1,3,1,1,6,,0.19,0.65,,0.45
307,,,,3,,,,0.6,,
308,2,,,,1,,0.91,,,
309,,3,,,,0.65,,,,0.04
310,,3,1,,2,0.69,0.2,,,0.02
311,3,3,2,3,,0.37,0.34,,0.13,0.16
312,,3,3,2,,0.49,,,,
313,,3,,3,,,,0.58,,
314,,,,1,,,0.77,,,
315,,,,,,,,,,0.18
316,2,,,,2,0.15,0.74,,0.49,
317,,1,3,1,,0.19,0.37,0.27,,0.37
318,4,,2,,,,1.0,0.55,,0.31
319,4,,,4,1,,,,0.13,
320,,1,3,,,,,,,
321,,,3,,,,,0.5,,0.48
322,,1,,2,5,0.19,0.46,0.67,0.49,0.09
323,,1,,,,0.28,0.39,0.55,,
324,,,3,,5,0.18,,,0.38,
325,3,,,3,,0.48,0.41,0.62,,0.3
326,,,,1,5,0.11,0.96,,0.83,
327,,,3,,1,,0.42,0.6,0.43,
328,3,,,,,0.44,0.18,0.78,0.1,
329,3,,1,,,0.37,,,,
330,3,,1,,,0.35,,,0.4,0.34
331,3,3,3,,,0.43,0.25,0.76,0.1,
332,,,,,5,,0.32,,,
333,,3,1,,2,0.91,,,0.03,
334,,3,2,,2,0.14,0.65,0.0,,1.0
335,2,1,,1,5,0.16,,,,0.48
336,,,1,,,,,0.9,0.07,0.03
337,,3,,,6,0.16,,0.82,0.79,
338,1,,,,,,0.1,,,0.05
339,,3,3,,2,,0.32,,0.15,
340,3,3,1,,,0.43,0.31,,,
341,,,,2,2,0.48,0.29,,,0.08
342,,1,,,,0.45,,,,
343,,,,,2,,,0.95,0.09,0.0
344,4,,,4,,,0.34,,,0.04
345,,,,,,0.26,,0.62,,
346,,,,,,,0.32,0.59,0.35,
347,4,3,,1,,0.29,0.28,0.47,0.32,
348,2,3,1,2,6,0.2,0.34,,,
349,1,3,1,,2,0.54,,,,0.04
350,2,,1,2,,,0.28,,,
351,1,,,4,2,0.58,,0.81,0.05,0.06
352,4,,1,2,,,0.36,,0.33,0.08
353,,,1,2,1,,0.18,0.65,0.32,
354,3,2,,,1,0.39,,0.76,0.09,0.1
355,4,3,,4,6,0.32,0.24,0.87,,0.03
356,,,3,3,2,0.2,,,,
357,3,,,4,,,0.31,,,0.06
358,1,3,,4,,,,0.83,,0.04
359,2,,2,,,,0.65,0.47,,0.03
360,3,,3,,,0.41,0.24,,,0.07
361,,,1,1,4,0.24,,0.63,0.39,
362,,,,3,,0.29,0.41,,,0.22
363,,,,1,,,0.62,0.18,0.66,
364,,,3,2,,,,,,
365,,,3,,,,,,,
366,4,3,,,,,0.51,,0.37,0.45
367,2,3,3,,,0.17,,,,
368,2,,,2,,,,,0.9,0.14
369,,3,,,,0.05,,,1.0,
370,,3,3,4,1,,0.17,,0.07,
371,,3,,,,0.17,0.54,0.33,0.58,0.6
372,3,,,3,4,0.37,0.2,0.49,,
373,3,,1,,,0.39,,,0.07,0.03
374,,2,,,,0.6,,0.83,,
375,4,,,1,,0.23,0.29,,,
376,,3,1,,6,1.0,,,0.06,
377,1,,1,4,,,,0.85,0.05,0.02
378,,,3,2,,0.3,,0.64,,
379,,,,,2,0.58,0.31,0.52,,
380,3,3,1,,,,0.18,0.58,0.24,0.23
381,2,3,2,,2,,0.57,0.25,,0.49
382,1,,1,,4,0.59,,,,0.03
383,,,,,,0.71,0.1,0.86,0.05,
384,2,1,,,6,,,0.54,0.49,0.15
385,,3,,1,2,0.26,,0.41,0.42,
386,2,1,3,,,0.17,,,0.45,
387,1,3,,,,,0.33,,0.18,0.39
388,,,,1,,,,,0.36,0.43
389,,3,3,1,,,0.47,,,
390,,3,,4,,0.57,,0.83,,0.03
391,,,1,,6,,,0.93,0.09,0.08
392,,,3,,6,,,0.81,,0.04
393,4,,,3,,0.23,,,,0.22
394,2,,3,1,,0.2,,,,
395,,3,,4,5,,,1.0,0.02,
396,,,3,2,6,,0.4,,,
397,2,,3,,5,0.07,,,1.0,0.39
398,,3,,,2,,,,,0.09
399,,3,,,4,,0.16,0.38,,0.18
400,2,3,,1,4,,0.47,,0.42,0.8
401,2,,3,1,1,,,,,1.0
402,2,,3,,1,0.2,0.59,,,0.4
403,,3,,,3,0.14,0.51,,0.55,0.05
404,,,2,3,5,0.21,0.54,,0.51,0.21
405,4,1,3,,,0.22,0.69,0.52,0.51,0.68
406,4,,,,,,,0.48,0.75,
407,4,3,,,,,0.36,,0.22,
408,,,2,,,0.15,,,,
409,,3,3,,4,0.21,,,0.48,
410,,,,,,,,,0.16,0.25
411,,3,,1,4,0.12,,,,
412,,1,3,,2,0.31,,,0.36,
413,,1,3,3,4,,,,,
414,4,,,,,0.21,,0.01,0.58,
415,1,,1,2,,0.5,,0.71,0.1,
416,,1,2,2,,0.25,,0.74,,0.14
417,4,,3,4,1,0.29,0.24,,,0.01
418,3,3,3,,,0.35,0.49,0.72,,
419,,,1,3,2,0.53,,0.83,,0.22
420,4,1,3,2,5,0.24,,0.74,,0.1
421,,3,,1,4,,0.79,,,1.0
422,,3,,,,,0.49,,,
423,,3,3,,,0.46,,,0.08,
424,2,3,,1,,,0.49,,,
425,3,3,,,,0.49,,0.82,,
426,,,2,,,,0.33,0.53,,0.16
427,,,1,4,,0.48,,,0.05,
428,2,,3,1,4,0.13,,0.26,0.52,
429,,1,3,,5,,0.36,0.67,0.39,0.71
430,3,3,,,,0.36,0.43,,0.26,
431,3,,,,,0.38,0.47,0.7,0.16,0.03
432,,,1,,6,,,0.37,0.45,0.53
433,1,3,1,,1,,,0.87,0.11,0.06
434,,,3,,3,,,,0.74,0.18
435,3,1,1,,2,,,,0.09,
436,1,,1,,,,0.22,,,0.1
437,4,,3,4,,0.21,0.35,,0.31,
438,,,,4,,,,0.84,,0.04
439,,,1,,6,0.52,,0.66,,
440,2,,,3,6,,,0.36,,
441,3,3,,3,4,,0.23,0.72,0.1,0.2
442,,1,3,1,4,,,0.49,0.37,
443,,1,3,4,,,,0.66,,
444,,3,,,,0.38,,0.67,,0.05
445,2,3,,1,,0.15,0.59,0.28,0.64,0.72
446,4,,,,,,,0.61,,0.06
447,2,,,,,0.19,,,,0.62
448,4,3,3,1,2,,0.67,0.16,,1.0
449,,3,1,4,2,1.0,,,0.04,0.03
450,1,3,1,,1,0.56,0.09,0.79,,0.05
451,,1,,1,4,,0.57,0.21,0.71,
452,,1,,,,,,,0.27,
453,,3,,,4,0.18,0.35,,,0.2
454,,1,3,4,,0.15,,,,0.07
455,2,3,3,,,0.1,,,,
456,4,,3,2,,0.23,,,,
457,3,3,3,2,,,0.2,,0.11,0.11
458,2,3,,1,4,,,,,1.0
459,,1,2,,,,0.38,,,0.07
460,1,1,1,4,2,,,,0.04,0.02
461,2,1,,1,4,0.16,0.8,,,
462,,3,1,,1,,,,,
463,4,3,2,1,6,0.26,0.79,0.55,0.46,1.0
464,3,1,,1,2,,,0.7,0.14,
465,2,3,1,3,6,0.17,0.53,0.41,0.46,
466,2,,,,6,,,0.53,0.5,0.09
467,1,,,3,2,0.87,0.18,0.83,,0.28
468,1,3,1,2,6,,,0.71,,0.12
469,,,2,2,1,0.28,0.36,,,0.15
470,,3,,4,2,0.38,0.31,,,
471,,3,,,6,0.28,,0.42,,
472,1,,1,4,6,0.53,0.17,0.91,,
473,,3,,1,,0.16,,,0.49,
474,4,,,1,4,,0.22,0.43,0.29,0.46
475,2,1,3,,,,0.55,0.28,0.67,
476,,,3,,6,,,0.46,,
477,4,,,,1,0.23,,,0.46,0.14
478,,3,,,,,,0.62,,0.37
479,,1,1,4,,,0.27,,0.2,0.06
480,2,1,2,,4,0.14,0.38,,,
481,4,,,,4,,,,0.26,0.4
482,1,,,,6,,0.24,0.8,0.12,0.22
483,,,3,,,,0.48,0.3,0.63,
484,3,3,,,,0.38,0.22,,0.13,0.11
485,,3,,4,,,0.16,0.95,,
486,,3,,,5,0.23,0.39,0.5,0.47,0.25
487,,,1,2,,0.41,0.29,0.66,0.19,
488,,3,,,1,,0.4,,,0.05
489,2,1,3,3,,,,0.42,0.53,0.16
490,3,,,4,,0.44,,,,0.04
491,,,,,,0.85,0.13,,,
492,2,,3,,3,0.09,0.61,0.1,,0.29
493,,,1,,,,0.1,0.94,0.02,0.1
494,1,3,1,,2,,0.2,,,
495,,,,1,6,0.1,0.79,0.39,,0.36
496,2,1,3,3,,,,0.45,,0.22
497,1,,1,3,2,0.6,,0.62,0.12,
498,,,3,,1,0.23,0.51,,0.4,
499,3,,3,,,0.41,0.27,0.82,,0.14
500,,3,3,,6,,0.73,0.36,,1.0
501,,3,,,,,0.34,,0.12,
502,2,,,3,4,0.19,,,0.43,0.24
503,1,3,1,2,,0.52,,0.81,,
504,4,,,4,1,0.31,0.39,,,
505,,3,3,,,,0.41,0.51,,0.21
506,2,3,,1,,,,,,0.7
507,,,,2,,0.21,0.62,0.41,,0.13
508,3,,1,,6,0.37,,,,
509,2,,,3,,0.16,,0.6,,
510,2,1,,,2,,0.38,0.61,0.33,
511,,3,3,,,,,0.72,,
512,4,,,,1,,0.5,0.5,,0.22
513,,1,,3,1,0.18,0.73,0.47,0.52,0.17
514,3,3,,,6,,0.26,,,0.22
515,,1,,,5,0.31,,0.71,0.28,
516,1,,,,2,,,0.87,,
517,,3,3,3,2,0.44,,0.68,0.12,0.2
518,,,,,,0.19,0.41,,0.38,0.09
519,,1,3,,,0.26,,,0.34,
520,,1,3,4,1,,,,,0.0
521,3,3,,2,4,0.41,,0.74,,
522,3,,,,2,,0.45,,,
523,,,,1,1,,,,0.45,0.46
524,,1,3,,4,,,,0.5,0.24
525,2,1,3,2,,,,0.41,0.36,
526,,,1,1,5,,,,0.36,0.66
527,2,1,3,3,,0.12,0.72,,,0.25
528,2,1,3,4,,,0.7,0.44,,0.07
529,,3,,,6,,,0.6,0.3,
530,3,,3,4,,,0.3,0.71,,0.0
531,1,,,,2,,,0.8,,0.04
532,,,,,6,,,0.69,0.2,0.15
533,4,,3,,1,0.22,0.67,,,0.41
534,,3,1,3,6,,,0.75,,
535,2,3,2,4,,0.12,,0.6,0.31,0.06
536,4,3,3,,,,0.12,0.62,0.19,
537,3,,,,,0.37,0.16,,0.1,
538,3,,3,,,,,0.55,,
539,,,3,4,,0.48,0.25,0.75,0.09,0.07
540,2,,3,1,,,0.32,0.22,,
541,3,,1,,2,,,0.7,0.13,0.15
542,1,3,1,2,,,0.25,,,0.13
543,,3,,,,,0.15,0.69,,0.03
544,,,,,2,,,0.85,0.05,0.05
545,4,,2,,2,0.23,0.74,0.33,0.48,0.36
546,,,,,,0.36,,,,0.86
547,,,3,,2,0.43,0.34,0.75,,0.11
548,,3,,,1,,0.22,,0.08,0.18
549,,3,1,,1,,,,,0.06
550,,3,,3,,0.21,0.45,0.39,,
551,,,,4,1,0.51,,0.83,,0.01
552,,,,,6,,,0.66,0.41,
553,1,3,3,,,,0.46,,,0.52
554,1,3,,,,0.63,,0.58,,0.21
555,,1,1,,,,0.16,,0.06,
556,2,,3,1,,0.11,0.53,0.12,,
557,,1,3,,2,,0.45,,0.27,
558,4,,1,1,,0.27,0.35,0.56,0.32,
559,,3,1,,,0.38,,,0.16,
560,1,,1,,6,0.65,0.16,0.77,,0.07
561,2,3,,1,2,0.15,0.82,0.0,,0.85
562,3,,,,1,,,0.72,0.11,
563,1,3,1,2,,0.63,0.21,,0.1,
564,2,,,3,4,,0.44,,,0.25
565,,,1,1,,0.32,0.55,0.44,0.5,1.0
566,,,1,4,1,0.2,,,0.37,
567,,,3,1,,,0.33,,,0.36
568,,3,,,6,0.54,,,0.12,
569,4,,,3,,0.23,,0.58,,0.33
570,,,,3,,,,0.55,,
571,1,,,,6,0.81,,,0.08,0.19
572,1,3,1,,,,,,,
573,,3,,,2,0.38,0.36,0.7,,
574,,3,1,,,0.1,,0.32,,0.15
575,,3,,2,,0.36,,0.74,,
576,,,1,,,,,0.81,0.06,
577,3,,1,,2,0.43,,0.74,0.08,
578,1,,,,,,,,0.04,0.04
579,4,,,,,0.25,,,,
580,3,,3,2,,0.37,,0.56,,0.14
581,,,3,,,0.41,,,,
582,1,,,,,,0.14,,0.06,
583,,1,,3,,0.14,0.63,,0.51,
584,,1,3,,,,0.66,,0.45,0.13
585,1,,,,2,,0.14,0.87,0.05,0.09
586,,,3,2,,,0.26,0.77,,
587,,,,1,4,,,,0.73,0.56
588,,,2,,5,0.02,,,1.0,0.52
589,,,,,2,,,0.73,,
590,,,1,2,,,0.27,,,
591,,1,,,5,,0.73,0.33,0.89,
592,,,3,1,,,,,0.72,
593,,3,,,,0.94,,0.95,,
594,1,3,1,,,,0.19,,0.06,0.06
595,1,3,1,4,2,,0.18,,0.05,0.03
596,,3,,,,0.2,,0.55,0.38,0.11
597,,3,,2,2,,0.29,0.59,,0.15
598,3,3,1,,,,0.45,,,
599,4,3,,3,1,0.23,0.29,0.41,,0.21
600,2,1,1,,4,,,0.34,0.81,0.03
601,,3,,1,2,0.3,,,,0.87
602,3,,,,,0.4,,,0.32,0.39
603,4,,,3,,,,,0.36,
604,,,,,,,0.08,0.7,0.11,
605,4,,3,1,4,,0.35,0.36,,
606,3,,3,,4,,0.12,0.7,,0.24
607,,1,3,,4,0.16,,,0.53,
608,3,3,,,,,,,,0.11
609,,,,,2,,0.56,0.4,,0.59
610,,3,1,4,2,,0.13,0.96,0.03,
611,,3,1,1,,,0.3,,,0.41
612,2,3,3,2,2,0.14,0.64,,,
613,,3,3,,1,0.27,,,0.24,
614,3,,1,2,2,0.35,,0.48,0.3,
615,2,,2,,6,0.13,0.67,0.41,0.54,0.4
616,,,,1,,,0.35,0.5,0.28,
617,3,3,,,,0.42,0.31,,,
618,,,,3,,,,0.59,,0.18
619,2,1,,,,0.16,,0.29,0.55,0.16
620,,,,,6,1.0,0.08,,0.07,
621,2,1,,3,,0.15,0.48,0.28,,0.33
622,4,,1,,,0.21,0.36,0.64,,0.06
623,,1,,,2,,,0.7,0.12,0.1
624,3,3,,,,0.46,0.32,0.64,0.16,
625,4,,3,,,,,0.47,,
626,,3,1,,6,,,,,
627,,1,3,,,0.33,0.38,0.72,,
628,,1,,,2,0.32,0.2,,,0.01
629,,,1,,,,0.41,0.51,,0.1
630,3,,1,3,,0.48,0.1,,,
631,,3,2,1,,0.13,1.0,,,
632,,3,,,2,0.23,,0.09,0.47,
633,4,1,3,,,,,,,
634,2,,2,,3,0.16,,0.4,,0.32
635,2,1,2,,4,,0.6,,,0.03
636,3,3,1,2,6,0.4,0.21,0.7,,
637,2,,3,3,5,,,0.62,,0.2
638,,,,,,0.33,,0.44,,0.54
639,,3,1,2,4,0.51,0.15,,0.13,0.15
640,4,3,1,,1,0.26,,0.66,0.22,
641,,,,3,6,,,0.58,,0.24
642,,3,,1,2,,,,,0.94
643,,,,,,,,0.76,,
644,3,3,,4,,0.44,0.18,,,
645,,,1,,2,,0.25,0.94,,0.05
646,3,,2,3,,0.34,0.3,,,
647,,3,2,,,0.09,,,,0.12
648,1,3,1,,2,,,,,
649,,,3,1,6,,0.55,,0.35,0.41
650,,,3,4,,0.28,,,0.27,0.01
651,2,,1,,4,,,,,0.15
652,,,1,2,,,0.15,,,
653,1,3,,,2,,0.08,0.91,0.02,0.04
654,3,,,4,,0.42,,0.85,,0.03
655,,1,,4,,,,0.53,0.31,
656,,3,1,,,0.51,,0.72,,
657,,1,,,,,,,0.62,
658,,,,4,6,1.0,,,0.02,
659,1,3,1,3,6,0.59,,0.74,0.13,0.16
660,4,,,1,,0.23,0.3,,0.22,0.41
661,2,3,,3,,0.08,,0.53,,0.22
662,,3,,,1,0.58,0.07,,0.05,
663,3,3,1,1,4,0.34,0.21,,,
664,,,,1,5,0.25,0.48,,,
665,,,,2,,,,0.44,0.47,0.09
666,1,,,3,,0.66,0.16,0.55,0.13,0.25
667,4,3,2,,,,0.31,0.73,0.17,
668,,,,1,4,0.18,,,,1.0
669,,3,2,1,,0.18,0.86,0.51,0.7,
670,4,3,,,2,0.29,,0.19,,0.81
671,2,,,3,,,0.75,,0.49,0.27
672,,,,4,,0.51,,,0.07,0.07
673,,3,,,6,0.36,,,,
674,,3,2,,,,0.66,,0.59,
675,,3,3,,4,,0.32,0.35,,
676,2,3,2,1,1,,1.0,,0.77,0.95
677,,3,3,,,0.17,,,,
678,,3,1,2,,0.3,,,0.17,
679,2,3,,1,,,,,,
680,1,3,1,4,,0.62,,,0.03,
681,,3,,,1,0.27,0.62,0.14,0.26,0.38
682,,,3,,,,,,,
683,4,,,,2,,0.65,0.21,0.54,
684,,3,1,,,0.38,,,0.14,0.23
685,2,,3,3,6,0.18,,0.5,0.48,0.26
686,,,1,,2,,,0.91,0.03,0.04
687,2,,,3,5,,,0.58,0.34,
688,,3,2,,6,0.2,0.89,0.49,0.64,
689,2,,,1,6,,0.67,0.45,,0.5
690,,,1,2,6,,0.11,,,0.14
691,3,,,,,0.46,0.12,,0.06,
692,,3,,1,,0.21,0.47,,0.47,
693,,3,2,,6,,,,0.56,0.61
694,2,3,3,,,0.06,,0.0,0.89,
695,4,1,3,1,4,0.25,,,,
696,4,,,,5,,,,0.47,0.72
697,,,,,,0.85,,,,0.04
698,,1,,2,,,,0.54,0.44,0.09
699,4,3,3,,,0.28,0.47,0.63,0.37,0.51
700,,,,,,0.2,,0.51,,0.54
701,,3,,,6,,,,,0.45
702,4,,3,,6,0.21,,0.5,0.38,0.1
703,2,,3,4,,0.15,0.68,0.45,,
704,3,,1,,,,,,,0.01
705,,,1,,,0.8,0.13,,,0.16
706,,,,,,0.42,,,0.16,0.29
707,,,3,1,,,0.8,,,
708,,1,3,3,5,0.14,0.6,0.5,0.53,
709,3,3,1,1,4,0.42,,,,0.36
710,,,,2,2,0.4,0.2,0.76,0.07,
711,3,3,,,,0.42,,0.83,0.1,
712,2,,,1,,0.16,0.58,0.39,,0.62
713,,3,,2,,,0.23,,,
714,4,1,1,,5,,0.31,0.65,,
715,,1,3,3,4,0.09,0.35,0.46,,
716,,,1,,,,0.26,0.63,,0.18
717,3,3,3,,,0.45,,,0.19,
718,,3,,,1,0.47,0.19,,0.11,
719,4,1,,3,,0.21,0.34,,0.37,
720,,,,2,2,,0.26,,0.07,0.09
721,4,3,,3,,0.31,,0.65,,
722,,,,4,,,0.13,0.79,0.08,
723,3,,,3,,,0.18,,,
724,3,3,3,,6,,,0.48,,
725,4,,,2,,0.24,,0.5,0.25,0.15
726,1,,,4,,,0.17,,,
727,4,3,,1,,0.22,,0.25,,
728,2,,,,,0.16,,,,
729,,1,3,4,,,0.5,,,0.01
730,3,3,3,,6,0.42,0.32,,0.2,0.21
731,4,3,3,,,0.32,0.28,0.74,0.22,0.06
732,,3,,,4,0.5,,,0.29,
733,,3,2,,,,,,,0.66
734,,,,,,,0.43,,,
735,,,1,,,,0.24,,0.07,
736,,1,,1,,,0.57,,0.78,0.4
737,,,,3,,0.2,0.41,,,
738,,,,,,,,,0.51,0.04
739,,,1,,2,,,0.41,,
740,,,,2,5,0.7,0.12,,,
741,3,,1,3,4,,0.17,,0.18,0.27
742,3,,1,3,2,,0.54,,0.15,
743,,1,,,,,0.56,0.11,0.51,0.59
744,4,1,1,2,,,,,0.33,
745,1,3,1,4,6,1.0,0.08,,0.04,
746,3,3,,,,0.45,0.19,,0.24,0.23
747,2,1,,4,1,0.17,0.28,,0.38,0.02
748,,3,,3,,,0.32,0.76,,0.17
749,,,,,1,,,,0.13,0.07
750,1,,,,,,,0.67,,
751,2,1,3,2,5,,,0.67,,
752,1,3,1,2,,0.69,,,,0.1
753,,3,,,4,0.17,0.51,,0.5,0.11
754,2,,1,2,1,,0.36,,,
755,1,3,,2,,0.52,0.36,0.72,,0.11
756,4,,1,3,,,0.44,,0.36,0.16
757,3,,3,,,,,0.71,,
758,,,1,,,,,,,
759,3,3,,3,6,,0.4,,0.2,
760,,3,,3,1,,,,,0.19
761,,1,1,3,,,0.68,0.5,1.0,
762,4,1,1,3,,,0.23,,,
763,1,3,1,3,2,0.58,,0.78,,0.16
764,,1,,3,6,,,0.45,,0.19
765,3,,,,,0.44,0.27,0.73,,0.04
766,1,,3,,,0.53,0.16,0.87,,0.05
767,2,3,,1,5,,0.35,,,0.34
768,2,,,,4,,,0.43,,0.23
769,2,,1,2,4,,0.41,,,
770,,1,3,3,,,,0.44,,
771,4,,,,4,0.23,0.28,0.5,0.45,0.52
772,,2,1,,,,,,,0.03
773,2,1,3,,4,0.16,,0.4,0.58,
774,,,1,,2,,,,,
775,,,,3,1,,0.61,,,
776,4,3,,3,4,,,,0.25,
777,4,,3,,,0.25,0.81,,,
778,,,3,1,,0.21,,0.35,,0.43
779,4,3,,2,6,0.29,0.15,,0.2,0.11
780,2,,,1,4,0.09,,,0.55,0.41
781,,3,1,3,6,,,0.55,,
782,,3,,,,0.16,0.43,0.28,0.55,
783,4,,,,,,,,0.28,0.1
784,2,3,,,4,0.12,0.76,0.31,0.74,
785,1,,,,,,0.14,0.83,0.04,
786,3,3,,,,0.42,0.12,0.69,0.11,0.12
787,3,,1,,,,0.3,0.41,0.27,0.41
788,,3,,4,,,0.29,0.75,0.17,
789,1,,1,,,,0.09,,0.05,0.01
790,1,3,1,,,,,,0.03,
791,,,1,,,,0.35,0.43,,
792,,,3,,4,0.17,0.58,0.26,,0.47
793,,,,4,1,,,,,
794,,,1,,4,0.5,,0.74,,0.21
795,2,,3,2,6,0.2,,,,
796,4,,,3,,0.31,,,,0.25
797,,,1,4,1,0.35,,,,
798,,,3,,,0.16,0.66,0.47,0.46,0.08
799,,1,2,4,,0.15,,,,
800,1,1,1,4,6,0.6,0.27,,0.13,
801,,3,1,4,2,,0.2,0.81,0.04,
802,3,,,3,2,0.43,0.35,0.55,0.19,0.27
803,,,3,,,0.44,0.2,,0.13,
804,2,,2,1,,0.09,,,,
805,2,1,,,,0.16,0.53,0.47,,0.28
806,,,,,6,,,,,0.12
807,,,,,6,0.3,,,0.21,0.1
808,4,1,,2,,,,,,
809,4,3,1,3,,0.28,,0.62,,
810,,,1,,6,0.13,,0.85,1.0,0.02
811,,,,1,,0.05,0.82,0.02,0.98,1.0
812,,3,3,,,0.49,0.34,0.63,,
813,4,,1,2,,0.27,,0.51,0.34,0.13
814,,,,2,,0.27,0.42,,0.24,0.1
815,,,1,2,,0.05,,,0.89,
816,1,3,1,4,,0.63,0.24,0.85,0.08,0.06
817,3,,3,,2,0.35,0.28,0.65,0.06,0.12
818,1,,,4,,,0.39,,0.13,
819,3,,1,,2,0.49,0.38,0.92,0.09,0.22
820,,,,2,,0.09,,0.32,0.88,
821,1,,1,,,,,,0.15,
822,2,3,1,3,3,0.07,0.65,0.17,0.96,0.3
823,,,3,4,,0.16,0.32,0.51,0.35,0.02
824,1,3,,4,,0.55,0.14,0.81,0.12,
825,,3,,,,,0.27,0.82,,0.02
826,1,,1,,,,,0.88,0.07,
827,3,3,1,4,,0.47,,,0.14,
828,3,3,,,4,0.4,,0.54,,0.26
829,,,1,1,2,0.18,,,,1.0
830,,,,,,,,,0.34,
831,,3,3,,4,0.25,,0.7,0.21,0.08
832,,,,,2,,,0.78,,
833,3,2,3,,,,0.32,,,0.02
834,3,3,1,4,,0.42,0.19,,0.06,
835,3,,,2,4,,0.13,,0.09,
836,4,,3,3,,0.25,0.51,0.63,,
837,,,3,1,,,0.8,,,0.79
838,1,,,,6,0.57,,0.7,0.17,
839,1,,1,,,,,,0.06,
840,3,,3,,2,0.49,0.09,,0.06,0.01
841,,,,,5,,,,0.19,
842,,3,,,6,0.23,0.69,0.3,0.5,1.0
843,,3,1,3,,0.64,0.31,0.73,0.12,
844,,3,,,1,,,,0.35,
845,4,,,,,,0.22,,0.24,
846,,3,3,,,,0.74,,,0.5
847,,1,3,1,4,,,0.36,0.46,0.4
848,,1,,1,5,,0.46,0.65,,0.34
849,3,3,,,1,,0.15,0.69,0.14,
850,,,,4,6,,0.12,,,
851,4,3,1,,,0.29,,,,
852,1,1,,4,2,,,,0.07,
853,2,1,3,4,2,0.15,0.51,,,
854,1,,,,,,,0.9,0.04,0.01
855,,3,,3,,0.15,,,,
856,2,1,,,,,0.48,0.03,0.58,
857,,,,,,0.28,,0.58,0.45,
858,2,,3,,4,0.17,0.54,0.23,0.62,0.6
859,,,,1,,,,0.33,,0.97
860,2,1,2,3,5,,0.67,0.66,0.76,0.28
861,4,3,1,2,2,0.31,,,0.15,0.13
862,,,,,,,,0.41,,0.07
863,4,,,3,,,,,0.33,
864,,,,,,0.38,,,0.12,0.07
865,2,1,2,3,5,0.02,1.0,0.6,,0.29
866,,3,,,4,,,,0.49,
867,4,3,,1,,,,,0.43,
868,,3,1,1,,0.22,0.26,0.26,0.34,
869,,,1,3,5,0.33,0.31,,,
870,,3,,,4,0.16,,0.42,,
871,,3,,1,,,,0.25,0.37,0.54
872,,1,2,,6,,0.61,0.48,0.57,0.36
873,,,,,5,0.72,,0.94,,0.13
874,1,,1,,,,,,,
875,4,3,,,,0.26,,0.43,0.37,0.35
876,,3,,,,0.55,,,,
877,,1,3,3,,0.17,,0.47,,
878,,,,,4,,0.24,,0.42,0.28
879,,,3,2,1,,,,0.19,
880,,1,1,,,,0.44,0.55,0.52,
881,2,,,,6,0.19,0.48,,0.29,
882,3,,,4,4,,,0.72,0.09,
883,1,3,,4,,,0.14,0.8,0.05,
884,,1,3,,,0.13,0.38,0.45,,
885,,,2,,1,,,,0.24,0.09
886,,3,1,,,0.43,,,0.19,0.19
887,,,1,,,,,,0.19,0.26
888,3,3,,4,,0.37,0.22,0.8,,0.02
889,,3,,,,,0.12,,,
890,,,,,6,0.47,0.29,,,0.22
891,,3,1,3,2,0.56,,0.67,,0.2
892,1,,,4,,0.61,,,,
893,,3,1,4,4,,0.14,0.86,,
894,2,1,,,,0.14,0.2,0.72,,0.02
895,2,,,2,4,0.18,,0.64,,
896,,3,,2,,0.52,0.12,,,0.08
897,,,2,,4,0.2,0.15,0.79,,0.24
898,4,,,3,,0.29,0.45,,,0.22
899,,,,1,,,,,,
900,2,,2,3,,0.19,0.23,0.36,0.41,0.26
901,,,,,1,0.45,0.21,0.78,,
902,3,3,,4,,0.43,,,0.08,
903,,1,,,2,0.32,,,0.22,0.55
904,,1,1,,,,,0.66,,0.18
905,,,1,2,,0.81,,,,0.09
906,,1,1,2,2,,,,,
907,,3,,,,0.4,,0.52,0.25,0.46
908,,3,1,4,2,,0.3,,,0.04
909,3,,1,4,1,,0.16,0.79,0.18,0.07
910,,,1,1,,,0.46,,0.4,
911,1,,1,4,,1.0,,0.98,,
912,3,,,4,,,,0.72,0.14,0.04
913,,3,1,,2,0.42,,,,
914,3,3,,3,,0.49,0.33,0.62,,
915,2,,1,,,0.16,0.43,,,
916,1,,1,2,,0.52,,0.82,,
917,1,3,,,,,,,,0.09
918,2,,1,1,4,0.07,,0.0,0.97,
919,,3,,2,,,0.37,,,0.14
920,3,,,,,0.45,0.24,0.64,0.14,
921,4,,,1,,,0.28,0.39,,
922,1,3,,,2,,0.12,0.96,0.02,0.03
923,,,3,,2,,,0.68,0.14,
924,,,,,,,0.33,,0.14,0.15
925,2,1,3,1,,0.12,,,0.61,0.39
926,2,,3,,1,0.19,0.35,,,
927,1,3,1,,,,0.27,0.56,0.2,0.23
928,2,,,,,,0.54,,0.48,
929,,,,3,4,0.11,0.95,0.52,0.58,
930,,3,1,3,,0.59,0.16,0.69,,
931,,,1,4,,,0.27,,,0.03
932,,,2,1,6,,,,,
933,1,,1,,,,0.12,0.68,,
934,,,3,,,0.65,,0.85,0.06,0.1
935,,,1,4,1,0.38,,0.64,,0.03
936,,,1,,,,,0.82,0.06,0.07
937,3,,1,3,,,,,0.17,
938,,,,4,,0.76,,0.85,,
939,2,1,,3,,,,0.64,0.38,
940,,,,,1,,0.21,0.76,0.1,0.06
941,,1,3,,,,0.53,0.47,0.44,
942,,,3,2,5,,0.25,,0.36,0.14
943,,,1,2,,,,,,
944,,,1,4,,1.0,0.11,,0.06,
945,3,,,,,0.39,0.33,0.64,0.17,
946,,3,,,,,,0.14,,
947,1,,,,,0.87,,,0.09,
948,2,,,1,,0.18,0.41,,,
949,,3,,3,,0.21,0.51,,,
950,1,3,1,2,,0.6,,,,0.14
951,3,2,1,,2,0.47,0.41,0.82,,
952,,1,2,2,,0.17,0.74,0.48,0.37,
953,,,,1,4,,0.63,0.26,,0.74
954,,3,,1,,0.33,,,0.39,
955,,,3,,,0.37,,,0.3,
956,2,3,,,4,,,,,1.0
957,3,,,,,0.33,0.34,,,
958,4,3,,,6,,,0.49,0.29,1.0
959,2,1,2,,,,,0.43,0.52,
960,4,3,3,,,,,,0.49,
961,,,,,4,,,0.45,0.27,0.26
962,2,3,1,,,0.13,0.44,,0.71,
963,,,1,,,,,0.69,,0.01
964,1,,1,,2,,0.22,0.89,0.06,
965,,3,1,4,2,0.68,,0.95,0.05,0.01
966,1,3,3,,,,0.3,,0.22,0.16
967,4,3,,,,,,0.43,0.56,
968,,3,,2,,0.49,0.23,,0.15,
969,4,,,3,4,0.32,,,,0.24
970,,1,3,,,0.23,0.34,,0.39,
971,,3,2,1,1,,,0.08,,0.69
972,1,3,1,,,,0.25,,0.06,0.09
973,2,1,,,1,0.2,,0.61,0.29,
974,3,,,1,2,,,,,
975,1,,,3,,,,0.78,,
976,3,,,,,0.43,,0.75,0.15,0.09
977,2,,,1,4,0.17,0.54,,,
978,,3,2,3,,,0.55,,,0.33
979,,,1,,2,0.17,,,,0.38
980,,1,,4,,0.23,,0.5,0.33,0.07
981,4,3,,,,,,0.59,0.23,
982,2,,,2,,0.18,,0.45,0.42,0.09
983,2,1,,3,4,0.16,,0.56,0.57,0.21
984,,,3,2,,,0.18,,0.18,0.08
985,,3,1,2,2,,,0.72,,0.1
986,,3,,,2,,0.1,,,
987,1,3,,3,,0.58,0.25,,,
988,1,3,1,,2,,,0.91,0.03,
989,,3,,,,,0.36,,0.05,
990,2,,3,2,,,,0.69,,0.08
991,,,3,2,,,,,0.3,0.12
992,,,1,1,4,0.17,0.49,0.33,,0.4
993,,3,,,4,0.21,0.14,,0.31,
994,2,1,3,4,,,,,0.32,
995,,,,4,2,0.52,0.15,0.7,,0.03
996,,,,,4,,,,,
997,,,,2,,,,0.71,,
998,,1,,4,6,,0.25,,,
999,4,3,,,6,0.24,0.87,,,1.0
1000,,1,1,4,,,0.25,,,
1001,,,1,4,,0.4,0.14,0.7,0.15,0.06
1002,,3,,,4,0.23,,,,1.0
1003,,3,,3,6,,,,0.23,
1004,4,,,2,6,,0.27,0.52,,0.14
1005,4,,,1,4,0.26,0.26,,0.39,0.48
1006,,3,1,,,,,0.86,,
1007,,,,,1,,0.71,0.12,0.71,
1008,3,,,4,,,0.14,0.83,,
1009,4,3,,,,0.31,0.36,0.42,0.32,
1010,1,3,1,,4,0.7,,0.78,,
1011,,,1,,5,0.78,0.07,,,
1012,,3,,1,,,,,,0.39
1013,4,,3,,2,,0.52,0.28,,
1014,1,,1,,,,,,,
1015,3,,,,,0.38,,0.54,,0.25
1016,4,,3,3,4,0.25,,,0.25,0.23
1017,4,,3,4,,,,0.63,,0.01
1018,,3,,,6,,0.23,,,0.12
1019,1,,1,2,,,0.21,,0.11,0.1
1020,1,,1,,2,0.82,,,,0.04
1021,,1,,,,0.11,,,,
1022,,,3,,6,0.16,0.45,,0.55,0.2
1023,1,3,1,,6,0.62,0.22,,,0.13
1024,4,,2,,1,0.32,,0.76,,
1025,4,,3,2,6,0.32,0.27,0.71,0.23,0.11
1026,,,3,,4,0.12,0.5,,,
1027,,1,1,3,1,,,0.74,0.19,0.28
1028,1,3,1,4,,0.9,0.22,0.94,0.03,0.01
1029,,3,,3,,0.17,,,,
1030,2,,,,,,0.66,,0.67,0.43
1031,3,,3,3,,0.33,,,0.26,
1032,,2,,,2,,,,0.08,
1033,2,3,,4,,0.18,0.42,,0.11,0.04
1034,,,1,,,,,0.66,,
1035,2,1,,,,,0.58,0.61,0.34,0.05
1036,1,3,,,2,,,0.99,,
1037,,3,,,2,,,0.95,,0.02
1038,,,1,1,,,,0.67,0.15,
1039,2,1,,3,6,,0.63,0.36,,
1040,,1,2,,4,,,0.36,,
1041,2,,2,3,4,,,0.43,0.42,
1042,4,3,3,1,4,,0.39,,,
1043,,1,,4,1,0.23,,0.71,0.23,0.02
1044,,,,,2,,0.13,,0.06,
1045,,3,,1,,0.32,0.44,0.0,0.44,1.0
1046,,,,,,0.36,0.27,,,
1047,3,,1,,1,0.37,0.09,,0.08,0.07
1048,,,,2,6,0.71,,0.78,,
1049,,3,1,,,,0.08,0.86,0.05,
1050,,3,2,,,0.14,0.62,,,
1051,,,,,,,,0.61,,0.13
1052,,,,1,,0.22,0.49,0.42,0.52,0.45
1053,,3,2,1,,0.22,,0.12,,
1054,,3,2,,4,,,,0.69,
1055,3,3,,1,,0.33,,0.61,0.25,0.39
1056,,,3,,,,0.38,,0.29,0.26
1057,,3,3,,,,0.43,,0.36,
1058,,3,1,,,0.44,0.13,0.71,,
1059,,3,,3,,,0.37,0.6,0.25,
1060,,,1,,,,0.22,0.6,,
1061,1,,,,6,,0.33,,0.24,0.27
1062,,,,,2,,0.2,,0.1,
1063,,,1,,,,0.11,0.71,,0.07
1064,2,,3,2,,,0.31,0.58,0.41,0.09
1065,,3,,,6,,0.54,,0.42,
1066,,,,,5,,,,,0.17
1067,1,3,1,4,,,,,,0.07
1068,3,,,3,,,0.37,,0.16,
1069,3,,,,,0.41,,,,0.07
1070,2,,1,3,,,0.33,0.54,,0.33
1071,,3,,2,,,0.21,0.4,,
1072,,3,3,3,6,,0.52,0.46,0.43,0.21
1073,,,,,6,,,0.77,0.08,0.1
1074,,,,1,,0.16,1.0,0.41,,
1075,,,,3,4,,0.25,,,0.17
1076,4,1,,,1,0.22,,,,
1077,,,1,,2,0.68,,0.85,0.05,
1078,,1,3,,4,0.22,,0.66,0.38,
1079,,,1,,1,,,0.67,,
1080,4,,3,,2,,0.41,0.53,,0.14
1081,2,,3,4,1,0.2,,,0.31,
1082,2,,1,,1,,0.43,,,0.34
1083,1,3,1,4,,0.5,0.31,0.91,,0.05
1084,2,,,,2,0.17,,0.43,,
1085,,3,,,4,,,,0.05,0.07
1086,,1,1,,4,,0.44,,0.63,0.33
1087,,3,1,,6,,,,0.5,0.09
1088,1,,1,,2,0.65,0.13,,,0.11
1089,4,,3,,1,,,0.64,0.13,0.1
1090,,,1,,,,,0.94,,
1091,3,,,3,,,,,,
1092,,3,,1,,,,,,0.37
1093,3,,3,4,5,,,,,
1094,,3,,,2,0.3,0.56,0.19,0.31,
1095,,3,3,,1,,0.44,0.61,,
1096,2,1,,3,4,,0.34,0.32,,0.28
1097,,1,,,2,,,0.62,0.3,0.44
1098,3,3,1,2,,,0.15,,0.08,0.09
1099,,,,3,,,,,,
1100,2,,3,,5,0.2,,0.5,0.6,
1101,1,3,,4,2,0.53,,,,0.03
1102,1,3,,,,1.0,,0.94,,
1103,3,3,,,,,0.27,,,0.32
1104,2,3,2,3,,0.05,,0.22,0.71,
1105,,,2,,,0.32,,0.69,,0.16
1106,,,,2,2,,,0.4,0.62,
1107,4,,,,5,0.3,,0.73,0.28,
1108,,3,,2,,,0.33,0.71,0.29,0.11
1109,2,3,,,3,,0.58,0.49,0.58,
1110,,,,,,,,0.86,,
1111,2,,1,4,,0.15,,0.63,0.46,
1112,1,,1,,,0.59,,0.85,0.08,0.05
1113,1,,,4,,,,,,
1114,3,3,3,,,,,,0.08,
1115,1,,1,,2,,0.14,0.85,0.07,0.05
1116,,3,1,2,,,,0.74,,0.12
1117,2,,,1,5,0.11,0.64,,0.61,
1118,3,2,3,3,,0.43,0.25,,,0.17
1119,,,3,,,,0.22,,,0.17
1120,,,,1,4,,,0.19,,1.0
1121,1,,1,3,,0.65,0.22,0.75,0.1,0.2
1122,1,3,,,2,0.62,,,,
1123,4,,1,,,,,,0.39,0.09
1124,3,3,1,2,,,,,,0.1
1125,,,1,,2,0.83,,0.79,0.14,0.03
1126,2,,3,,4,,,0.18,,
1127,1,,,3,,,0.14,,0.15,
1128,,3,,4,,,,0.91,,
1129,,,1,3,,0.4,,,0.21,0.2
1130,4,,,,,0.22,0.48,0.53,0.38,0.38
1131,3,,1,2,2,0.42,,0.75,0.12,0.09
1132,,,,,,,,0.63,0.13,
1133,,,1,4,,0.37,,,0.14,0.05
1134,,3,,4,1,0.47,,0.84,0.04,0.05
1135,,3,,,4,,0.75,,,1.0
1136,2,3,,3,4,0.17,,0.53,,
1137,2,,,3,5,,0.37,,,0.29
1138,,3,1,4,2,0.69,,,,0.04
1139,1,,1,2,6,,,,0.11,
1140,,1,1,4,,,,0.61,0.17,
1141,2,3,,3,2,,,0.5,0.28,
1142,,3,,4,2,0.54,,,0.08,
1143,,,,,6,0.32,0.38,0.61,0.35,
1144,1,,,4,2,,,,,
1145,,1,1,3,,,0.17,,0.18,0.21
1146,3,3,1,,,,0.32,0.71,,
1147,,3,,1,,0.18,,,0.73,0.66
1148,3,,,,,0.35,0.36,0.7,0.15,0.03
1149,1,,,,2,0.83,,0.97,,
1150,2,1,3,1,4,,,,,0.53
1151,1,,1,2,4,,0.1,,0.07,0.08
1152,2,,,,2,0.18,0.84,,0.44,0.59
1153,,3,,,4,0.25,0.26,0.61,,
1154,2,,,,,0.05,,0.35,,0.29
1155,,,2,,2,0.15,,0.0,0.67,
1156,1,1,1,4,5,,0.15,0.86,,
1157,,3,,,,,,,0.36,
1158,2,3,,1,6,,0.66,,,0.38
1159,,3,,4,5,,0.16,,,0.06
1160,4,3,1,1,6,0.26,0.63,,0.5,
1161,,1,,3,,0.21,1.0,,0.59,0.3
1162,,,,3,6,,0.22,,,
1163,3,1,,3,6,,,,0.21,0.29
1164,1,,1,4,,0.78,0.11,0.95,,0.02
1165,,,,3,4,0.31,0.35,0.55,0.28,
1166,2,3,2,1,,0.19,0.62,,0.49,
1167,2,1,3,,4,,,0.52,,
1168,3,3,,4,,,0.24,,0.12,
1169,,,2,,,,,,0.49,
1170,,3,,,6,,0.41,0.57,0.21,
1171,2,1,3,,,0.06,,,0.84,0.54
1172,,,,1,,0.26,,,0.46,
1173,1,,1,,,0.71,,,,0.22
1174,1,,1,4,,,,0.93,0.02,
1175,,,1,,2,,,0.92,0.02,
1176,,,,3,6,0.23,,0.53,0.38,
1177,,,3,2,,,,,0.28,0.13
1178,2,,,4,1,,,0.64,0.88,0.06
1179,,3,1,,,,0.19,0.79,,0.11
1180,1,,1,4,,,0.13,,0.04,
1181,,,3,,4,0.17,0.34,,0.45,0.69
1182,,3,1,3,,,0.25,0.7,0.09,
1183,4,,,,4,,0.38,0.27,0.58,0.69
1184,2,,,,,0.18,,0.5,,0.41
1185,,,,2,2,0.89,,,0.05,
1186,,,,,4,,0.27,0.64,,0.31
1187,,3,,,,,0.25,0.85,,0.08
1188,,,,1,6,0.39,,,,
1189,1,3,3,3,2,0.5,,0.77,,0.2
1190,2,1,,3,,0.19,,,0.4,
1191,3,3,,,,,0.31,0.59,0.17,
1192,3,,,2,,,,0.64,,
1193,,,,1,,0.12,,0.47,,0.54
1194,,3,,,,0.38,0.13,0.79,0.1,0.02
1195,4,,,2,2,,0.52,,,
1196,,,1,3,,,,0.69,0.14,
1197,,3,,,4,0.25,0.56,0.16,0.44,0.65
1198,,,,4,,,,0.83,0.08,0.06
1199,1,1,1,,2,0.55,0.05,0.86,0.07,0.02
1200,,,3,,,,,0.54,0.55,0.06
1201,2,3,,,4,,0.33,0.36,,0.82
1202,,,1,,2,0.74,0.17,,,0.02
1203,4,3,,2,,,,,,0.14
1204,1,3,,4,,,,,0.03,0.03
1205,,,,,,,,0.73,,
1206,,,,4,,,,0.87,,
1207,3,3,,2,,,,,,
1208,2,1,,,3,0.05,0.98,,1.0,0.61
1209,4,3,3,,2,0.26,0.66,0.13,,
1210,1,3,,,,,0.18,,0.08,0.15
1211,,3,1,2,,,,0.78,0.12,
1212,4,,,1,6,,0.38,0.46,,0.76
1213,,1,,,,,,,0.06,
1214,1,,,,,0.55,,0.81,,
1215,1,,1,4,,,,,,0.03
1216,,1,1,4,,0.51,0.25,0.89,,0.06
1217,3,3,,,,0.36,,0.59,,
1218,2,3,,3,3,0.11,0.48,0.37,0.56,0.25
1219,,3,,4,,,0.07,0.96,0.01,
1220,,,,,,0.38,0.14,,0.1,
1221,3,3,3,,6,0.33,0.47,,0.39,
1222,1,,1,,,0.68,,0.85,0.02,
1223,2,,3,3,1,,,,,0.16
1224,,3,,3,5,0.33,,,,0.19
1225,3,3,,,6,,,0.65,,
1226,,3,3,3,2,0.43,,,0.15,0.18
1227,,3,,2,,0.66,0.2,0.72,0.12,0.11
1228,,,,,,,,,0.16,
1229,1,,,,,0.7,,0.91,,
1230,,1,,,5,0.22,0.41,,0.33,0.33
1231,,1,,,2,,,,0.36,
1232,1,,1,,2,0.58,0.28,0.81,0.11,0.01
1233,,,1,,,,,,,0.37
1234,4,3,2,2,2,0.23,,,0.36,0.15
1235,,,3,,2,,,0.82,0.07,
1236,,3,,1,,,,0.56,,
1237,,,1,,6,0.8,0.18,0.9,0.1,0.1
1238,,1,,1,,,0.47,,0.7,
1239,3,3,,4,,,,0.77,0.12,
1240,,1,,3,5,0.12,,0.54,,
1241,3,3,1,,6,0.34,,0.51,,
1242,,3,1,,,,,0.63,,
1243,,3,1,4,,0.8,0.33,,0.03,0.01
1244,,1,,4,2,,,0.82,0.1,
1245,2,,1,1,2,0.15,,,0.57,
1246,,1,,,,,0.06,,0.14,0.03
1247,,3,3,,,,0.46,0.49,0.44,
1248,,,,,2,,,,,0.11
1249,1,3,,,2,0.81,0.24,,0.04,0.03
1250,,,1,3,2,0.54,0.28,0.86,,
1251,2,3,1,,5,0.2,,0.51,0.52,0.47
1252,1,3,,,6,,0.15,,,
1253,,3,,4,,,,0.81,0.14,0.06
1254,,,3,1,5,,0.55,,0.68,
1255,1,,,,,0.56,,0.71,,
1256,1,3,,4,,,0.18,,0.05,0.02
1257,,3,,3,4,0.39,0.07,,,
1258,3,,,1,6,,,0.62,,0.55
1259,1,,3,,6,0.53,,0.76,0.21,0.21
1260,,1,,2,6,0.21,,0.5,,0.12
1261,,,1,2,2,,,,0.02,0.1
1262,,1,3,,,0.12,,0.22,,
1263,,,1,,3,,,,0.85,0.84
1264,1,3,1,,6,,0.23,0.66,0.15,
1265,1,,,,,0.9,0.14,,0.05,0.04
1266,,3,3,1,5,0.23,0.46,0.56,,0.34
1267,,,1,4,2,,0.15,0.89,,0.07
1268,,3,1,4,,0.28,,0.55,0.21,0.05
1269,,3,1,4,,,,0.91,0.09,0.02
1270,,1,,,5,0.1,0.53,,0.8,0.31
1271,4,3,,,6,,,,,
1272,,,3,3,5,,,,0.51,0.33
1273,,,1,,,0.63,,,,
1274,,1,3,,4,,0.74,,0.96,1.0
1275,2,,3,,3,0.1,,0.25,,
1276,,,2,3,,0.66,,,,0.25
1277,,,,,,0.28,,,0.2,0.03
1278,,3,,,,0.39,,,,0.12
1279,,3,,2,,0.57,,0.61,,0.14
1280,,3,1,,,0.26,,,,0.52
1281,,,1,,,0.43,,0.74,,
1282,,,,2,5,,0.21,0.94,0.05,
1283,4,,,2,,0.23,0.68,0.44,0.38,
1284,2,,,,4,,,,,0.36
1285,1,3,1,4,4,,,,,0.04
1286,4,,,1,,,,,,
1287,3,,1,1,,0.35,,,,
1288,3,3,,1,,,,0.52,,
1289,2,1,,4,,0.2,,,0.37,0.06
1290,,,1,,4,0.17,0.51,,,
1291,4,1,3,3,,,,,,
1292,,,,,6,,,0.54,0.33,
1293,,1,,,4,0.12,,,,
1294,,,2,4,1,0.13,,,,0.05
1295,,3,3,2,,0.28,,,,
1296,,,,1,,,,,,
1297,,,1,,,0.29,0.53,,,0.21
1298,,,1,,,,0.2,,0.06,0.02
1299,,,,,,,0.37,0.73,0.62,0.07
1300,,1,,3,,0.13,0.48,,,0.21
1301,,,,,5,,,0.54,0.55,
1302,2,1,,1,,,0.47,,,0.4
1303,,3,,,,0.89,0.06,,,
1304,,,3,,,0.17,,0.64,,
1305,,,,3,1,0.44,,,0.09,
1306,,3,,,1,,0.28,,,
1307,,3,,1,,0.23,,,0.39,
1308,3,3,,,,0.35,,0.55,,
1309,,1,,2,6,,0.27,0.57,0.33,
1310,4,3,,,,,0.24,0.72,,0.13
1311,2,1,3,1,,0.04,0.76,0.34,0.93,
1312,,,,,,,,,,
1313,2,,2,,,,,,0.59,0.7
1314,4,3,1,,,0.29,,0.54,,0.45
1315,1,,1,,,0.52,,,,0.15
1316,,3,3,2,2,0.43,,,0.18,
1317,3,,,,1,0.44,,,,0.12
1318,3,,1,2,4,,,,,
1319,,3,1,,,0.99,0.0,,,
1320,3,,,2,,0.33,0.16,0.54,,
1321,,1,,3,,0.15,0.51,,,0.3
1322,4,,3,,5,0.23,0.43,,,
1323,3,2,,,2,,,0.8,0.05,0.05
1324,2,,1,,,,0.35,0.59,,
1325,2,3,,,,0.16,0.42,0.51,0.44,0.22
1326,1,,1,,,,0.04,0.67,,0.33
1327,,3,2,,5,,0.3,0.56,0.36,
1328,,,3,,6,0.45,,,0.18,0.11
1329,4,3,3,4,,,,0.77,0.23,
1330,2,1,1,3,,,0.46,,0.84,
1331,1,3,,,,0.8,,,0.05,
1332,,,,,4,0.23,,0.56,,
1333,,,,2,2,0.34,,0.46,,
1334,3,,3,1,5,,,,0.3,
1335,3,3,,,1,0.34,0.24,,0.15,
1336,4,,3,,1,,0.19,0.67,0.27,
1337,,3,,,2,,0.12,,0.1,0.12
1338,1,3,,4,2,0.64,0.24,0.82,,0.04
1339,4,3,,,5,,0.46,,,
1340,3,3,,4,,,0.05,,,0.06
1341,4,3,,2,,,0.27,0.55,0.3,
1342,,3,3,1,6,,0.41,,0.3,0.42
1343,,3,3,4,,,,,,0.02
1344,,,1,,,,,0.51,0.3,0.1
1345,4,1,3,,1,0.21,,0.67,,0.07
1346,,,,,,0.64,,0.75,,
1347,,,3,,6,,0.52,0.65,0.3,0.03
1348,3,3,3,,2,,0.13,,,0.06
1349,4,3,3,,,,0.28,,0.25,0.03
1350,,,,,2,0.53,,,0.11,0.11
1351,4,,,1,,,0.55,0.61,0.53,0.52
1352,,1,,3,5,,0.58,,0.71,
1353,,,,2,,0.44,,0.74,,0.11
1354,,3,,,,,0.59,0.3,,
1355,4,3,,2,,0.28,0.35,0.47,0.17,0.14
1356,1,3,1,2,2,0.69,,,,0.08
1357,1,,,,,,0.11,,,0.02
1358,,,,,6,0.37,0.3,,0.22,
1359,3,3,,2,,,,,0.13,0.15
1360,,1,3,,,0.17,0.55,0.48,0.42,0.16
1361,4,,,1,,,,,0.35,0.47
1362,,3,,,,,0.58,0.54,,0.12
1363,2,,2,3,2,,0.67,,,0.26
1364,1,,,4,2,0.67,,0.94,0.01,
1365,,,,1,2,,,0.0,,1.0
1366,3,,,4,5,,,0.76,,
1367,3,,,3,1,0.34,,0.64,,0.31
1368,2,,3,3,,0.16,0.5,0.67,0.74,
1369,,,,4,2,,,,0.07,0.06
1370,1,3,,,6,0.73,,,,0.14
1371,,1,,,5,,0.69,,,
1372,2,1,1,4,1,,0.49,0.64,,0.02
1373,,,,,,0.33,0.49,0.63,,
1374,3,,,1,6,,0.37,0.63,0.18,0.39
1375,,,,,1,0.26,0.08,,0.26,0.12
1376,,,2,,,0.15,,,,0.13
1377,,,,1,,0.41,,,,0.57
1378,4,,3,,,,0.17,,0.24,0.07
1379,,,,1,,,0.58,0.28,0.6,0.59
1380,,,3,3,,0.05,0.75,0.15,1.0,
1381,,1,3,,,,0.55,,,0.34
1382,,,1,4,,0.64,,,0.06,
1383,,,3,1,6,0.19,,,,0.47
1384,2,3,,3,1,0.16,,,,
1385,,3,1,2,6,0.7,0.09,,,0.15
1386,,1,3,4,1,,0.2,0.65,,
1387,,,1,2,,,,,,
1388,1,3,1,,2,0.76,,,0.04,0.04
1389,2,,,2,,,,,,
1390,,3,3,1,,,,0.4,0.52,0.39
1391,,,,3,2,,0.33,0.71,,
1392,4,,3,,1,,,0.78,,
1393,2,3,,1,4,,,,0.6,0.86
1394,,,2,3,,0.25,,,0.38,0.29
1395,,,,4,,,0.55,0.63,,
1396,1,,1,,,,0.12,0.8,0.17,
1397,3,3,1,,2,0.47,,,0.13,0.2
1398,2,,,1,,,0.32,,,0.6
1399,,,,,,,,,0.39,0.14
1400,3,3,,,2,,0.24,,,0.12
1401,1,,1,,,,,,0.04,
1402,1,3,1,,,0.64,,,,0.12
1403,4,3,2,,,0.23,0.85,0.55,0.56,0.36
1404,,1,1,,,,,,,
1405,4,1,3,,,0.21,,0.59,,
1406,,3,,,,,0.31,0.89,0.0,
1407,,1,,4,,,,0.69,,0.01
1408,,,,4,,0.19,,0.81,,0.04
1409,,,1,,2,,,0.88,0.06,
1410,,3,1,,,,0.26,0.81,,0.11
1411,4,3,3,,,0.21,,0.52,0.18,0.26
1412,3,3,,2,1,0.35,,0.67,0.12,0.15
1413,3,,,,2,0.4,0.46,0.57,0.15,0.08
1414,3,3,,1,,0.34,0.65,,,
1415,1,,1,2,,0.5,,,,
1416,4,,2,,,,,,,
1417,1,3,,,6,0.69,0.23,0.75,,0.15
1418,4,,,3,1,,0.18,0.77,0.12,
1419,,3,,2,2,0.64,0.26,,0.06,
1420,,3,,2,6,,0.1,0.8,0.09,
1421,2,3,2,,,,0.52,0.49,,0.59
1422,4,3,3,,,,,,,0.7
1423,,,3,4,,,,0.8,,
1424,4,,3,,2,0.22,,,,
1425,,,3,2,,0.39,,,,
1426,3,3,,,1,,,,,0.08
1427,1,3,,2,2,,0.09,,,
1428,2,,,2,5,,,,,
1429,2,,,1,4,,0.44,,0.56,0.51
1430,,3,,,4,0.88,,0.92,0.04,0.02
1431,1,3,1,4,,0.51,0.32,,,0.06
1432,2,1,3,,,,0.67,,0.54,0.51
1433,4,,1,,,0.32,0.46,,0.29,0.58
1434,1,3,,,,1.0,,,,0.05
1435,1,3,,,,,,,,0.05
1436,,3,3,3,4,,,,0.18,0.21
1437,4,3,3,,6,0.25,,0.47,0.57,0.65
1438,1,3,,,,0.78,0.24,0.81,0.09,0.1
1439,2,1,3,3,,0.16,,0.68,,0.23
1440,3,,3,4,2,0.44,0.29,,,
1441,,3,,2,2,0.35,,0.54,,0.13
1442,,,,1,2,0.18,0.58,,,0.48
1443,,,,4,6,0.51,0.12,0.71,0.08,
1444,1,3,1,,6,,,,0.19,0.14
1445,2,,,1,,,0.49,0.59,0.66,
1446,1,,,3,,,0.32,,0.15,0.21
1447,4,,2,3,6,0.32,,0.67,0.41,
1448,,1,,,6,,,0.67,,0.09
1449,,3,1,4,1,0.51,0.15,,0.06,0.04
1450,,,,2,,0.36,,0.61,0.24,0.12
1451,2,3,1,1,4,,,0.36,0.59,
1452,,3,,,,,,,,
1453,,3,,,4,,0.18,,,0.34
1454,2,,3,2,,,,,,0.13
1455,1,,1,,2,0.65,0.3,0.78,,0.15
1456,,,,2,6,,,0.69,,0.11
1457,,,,3,6,,,,0.64,0.32
1458,,,,1,2,0.49,,,0.15,
1459,,3,1,2,,,,0.86,,0.12
1460,,,,,,,,0.58,,
1461,,3,,2,,0.56,,0.8,0.07,0.08
1462,3,,1,,6,0.33,,,0.21,0.04
1463,1,1,1,,4,0.69,,0.89,,0.0
1464,,,1,,2,0.91,,,,0.02
1465,,2,1,4,2,0.61,,,,
1466,,3,1,1,6,0.53,0.4,0.63,0.18,
1467,,,,,,,0.3,,,
1468,,,,,2,0.51,0.29,0.41,0.18,
1469,4,1,,,,,,0.71,,0.04
1470,,3,,,,,0.42,,,0.48
1471,,,2,,5,,0.93,0.62,,
1472,3,3,,,,0.35,,0.69,0.15,
1473,2,,2,,5,0.1,,0.72,,
1474,,,,,,0.2,,,,
1475,,,1,4,2,0.64,,,0.05,0.03
1476,2,1,,,,0.16,0.47,,,
1477,2,3,3,,2,0.16,0.41,,0.4,
1478,3,3,,,,,,,0.32,0.41
1479,,,1,4,2,,0.29,0.8,0.07,0.06
1480,4,1,2,,6,,0.65,0.64,,0.57
1481,,,3,1,,,,,0.37,0.37
1482,,,3,1,,,0.58,,,0.67
1483,,,,,,,,0.58,0.19,
1484,,,,4,,,0.25,,0.12,0.03
1485,,1,3,,2,0.38,0.26,,,0.1
1486,1,,1,4,1,0.52,,,,0.03
1487,2,,1,,3,,,0.1,,
1488,3,,,,4,,0.14,0.55,,0.51
1489,4,1,3,2,6,,0.36,0.54,0.34,
1490,1,,1,4,2,,0.17,,,
1491,,,,4,,1.0,,,,0.03
1492,1,,,,,0.58,0.25,0.67,0.2,
1493,2,,,3,4,,0.53,0.19,0.74,0.3
1494,1,3,,,1,0.5,,0.85,,
1495,4,3,,,2,0.24,,0.43,,
1496,,3,,2,,,,,0.07,
1497,,3,,2,,0.4,0.24,0.76,0.14,
1498,,1,,,5,,0.65,,0.94,0.12
1499,3,3,3,4,,,0.25,,,
1500,1,,1,,,0.58,0.15,,0.09,0.12
1501,,3,1,,6,,,,0.04,
1502,,,,3,,0.39,0.44,,0.25,0.25
1503,,,3,1,6,,0.46,0.42,,0.76
1504,4,,,2,,,,,0.13,
1505,4,1,,2,,,,,,0.14
1506,4,1,,,4,0.23,0.37,0.63,,0.23
1507,,,,1,,0.11,,0.31,,
1508,2,,,,6,,,,,
1509,2,3,3,1,,,,,0.56,0.61
1510,2,3,3,,,0.16,0.72,,,
1511,4,3,,2,,,,,,0.14
1512,,3,,,,,,0.3,,
1513,,3,,1,,,0.53,0.17,,0.35
1514,3,3,,3,4,0.33,,0.71,0.16,
1515,,3,1,,,,0.21,,0.32,0.37
1516,,,1,4,,0.48,0.23,0.86,0.07,0.05
1517,,,,,,,,,0.07,0.03
1518,3,3,1,2,,0.4,0.24,,0.17,0.14
1519,,1,3,1,,,,,,0.34
1520,,3,,4,2,,0.07,,,0.03
1521,1,3,1,4,2,,0.29,0.95,0.04,
1522,,,,,2,0.54,,,,
1523,,3,,4,2,0.58,0.17,0.84,,0.04
1524,,1,,3,,0.09,,,0.9,0.29
1525,,,,1,2,,0.67,0.07,0.67,
1526,4,1,,,1,0.29,,,,
1527,4,,3,,,,0.5,,0.21,
1528,3,3,3,3,,0.37,,0.68,0.27,0.28
1529,,,3,3,2,0.3,,0.53,0.25,
1530,1,3,1,,,,,,0.1,0.12
1531,3,,1,2,2,0.41,,,,
1532,,,1,4,,0.68,0.29,,,
1533,,3,,,6,,,,0.22,0.49
1534,,3,,3,,0.57,,0.6,0.1,
1535,3,,,,,0.47,,,0.27,0.25
1536,3,3,,4,,,,0.72,,0.05
1537,2,3,,1,,,0.79,,,
1538,,1,,3,,,0.51,0.49,0.53,
1539,3,,3,,6,,0.57,0.5,,0.36
1540,4,3,,,4,0.25,,,,
1541,,,3,,,,0.63,,0.58,
1542,,3,,,4,,0.28,0.54,,0.21
1543,,,,3,6,,,0.66,,0.22
1544,,3,2,,,0.24,,,,
1545,4,3,1,,1,0.23,,0.29,,0.75
1546,4,,3,3,4,,,0.64,0.23,
1547,2,1,1,4,,0.15,,0.45,0.62,
1548,,,,3,6,0.38,0.19,0.61,,0.2
1549,3,,,2,2,,0.26,0.87,,
1550,,,1,,4,0.54,0.1,,,
1551,1,,1,,2,,,0.79,,
1552,4,1,2,,4,0.23,0.3,0.63,0.33,0.19
1553,4,,3,4,2,,,0.57,0.28,
1554,,3,3,,1,0.15,,,,
1555,,,3,1,,,0.22,0.41,0.38,
1556,,,,3,,0.45,0.35,,,0.32
1557,,,,1,,0.18,,,,0.37
1558,1,,1,3,6,0.56,,,0.08,0.33
1559,4,,,,4,0.21,0.29,,0.34,
1560,,1,1,2,,0.11,0.38,0.68,,
1561,3,,,3,,,0.46,,0.18,
1562,1,,,,,0.57,,0.85,,
1563,3,3,1,2,,0.39,0.05,0.69,0.13,
1564,2,3,3,,4,0.17,0.38,0.15,0.55,1.0
1565,,,1,,,0.38,0.54,0.53,,0.24
1566,3,,,4,5,0.49,,,,0.04
1567,,,1,3,5,,,,0.52,
1568,,,1,,3,,0.44,,,
1569,,1,3,4,,0.2,0.35,,0.28,0.06
1570,,,,1,6,0.33,0.42,0.47,0.36,0.53
1571,,,,,,,0.32,,,
1572,,,,4,,,,0.77,0.18,
1573,,,3,2,,0.24,0.23,,,
1574,,,,3,,,0.69,,,0.31
1575,,,3,1,5,0.17,0.4,0.52,,
1576,,,,,,,,0.67,,
1577,,,,,,0.57,,,0.13,0.14
1578,4,,,2,6,0.3,,0.73,,0.14
1579,,,3,4,1,0.25,,,0.16,
1580,,,1,,,0.54,,,,0.14
1581,,,,1,,,0.93,0.27,0.55,
1582,1,3,1,,,,0.1,,,0.12
1583,4,,3,,5,,,,,
1584,,,,4,5,,0.19,0.83,,0.07
1585,1,,1,,,0.53,0.07,,0.08,
1586,,,3,4,,,,,,
1587,,,3,4,,,0.31,,,0.06
1588,2,,1,2,4,,,,,
1589,2,,3,4,1,0.19,,,0.28,
1590,,3,1,,5,,0.22,,,
1591,2,,1,,4,0.18,0.33,,0.42,
1592,,3,,2,1,,0.3,,,
1593,4,1,3,2,1,0.23,,,0.29,
1594,,,3,4,,,0.24,0.93,,
1595,4,3,,3,2,0.29,0.46,,0.42,
1596,,3,1,,,0.19,,0.26,,
1597,,,1,2,5,,0.14,,0.05,
1598,,,,,4,0.08,0.72,,0.7,0.46
1599,,3,1,,,,0.17,,,0.25
1600,1,,1,2,2,0.53,0.29,0.73,0.13,0.08
1601,,,,4,,0.37,0.45,0.82,0.17,
1602,2,1,,1,,,1.0,0.17,,
1603,,3,,,5,0.44,,0.7,0.25,
1604,,,,3,,0.34,0.26,,,0.2
1605,,1,3,,,,0.6,,0.35,
1606,4,1,1,,,,,0.51,0.25,0.04
1607,4,3,3,2,2,0.27,,,0.14,0.1
1608,,,,1,6,,0.62,,0.36,0.69
1609,4,1,3,,4,0.21,0.49,,0.46,
1610,3,,3,,,,,,0.12,0.06
1611,,,,,4,,0.34,,,0.91
1612,,,,,2,,0.38,,,0.04
1613,,3,2,,,0.29,0.67,0.47,0.46,
1614,3,,,2,6,,0.21,,,
1615,1,,,,,0.96,,0.99,0.06,0.07
1616,,,1,4,,1.0,0.02,0.86,,0.06
1617,1,3,1,,2,,,,0.07,0.02
1618,3,1,3,,,,0.57,0.62,0.27,0.31
1619,1,,,4,,0.97,0.14,0.97,0.02,0.03
1620,3,,,,6,0.33,0.54,,0.37,
1621,,,3,2,5,,,,0.57,
1622,,,,,5,0.57,0.31,0.8,0.12,
1623,,,,,,0.69,,,0.01,
1624,4,,3,,,,0.33,0.53,0.3,0.5
1625,,,,,,0.26,,0.51,0.22,0.32
1626,,,1,,,0.22,,,,
1627,4,,,3,,,,,,0.3
1628,1,3,1,4,,,,,,
1629,3,,,,6,,0.75,0.65,0.3,0.38
1630,4,3,,4,,,,,0.56,0.01
1631,,3,3,4,,0.19,0.43,0.58,0.29,
1632,1,,,4,,0.82,0.15,,,
1633,4,,,,,,0.29,,,
1634,,3,,,,,,,,
1635,,3,1,,2,,,0.85,0.04,
1636,3,3,,2,2,,0.24,,0.06,0.11
1637,2,3,,,4,0.13,,,,
1638,,3,1,,2,0.43,0.24,,0.17,
1639,,,1,3,,0.37,,0.47,,0.17
1640,3,,1,,6,,,,0.18,
1641,,3,,1,,,,0.21,,
1642,4,3,2,,,0.24,,0.48,0.44,
1643,,3,1,,,,0.07,,0.03,0.02
1644,3,3,,,2,,0.37,0.72,0.16,0.03
1645,,1,3,2,4,,,,0.34,0.15
1646,4,3,1,4,2,,,0.41,0.51,
1647,,,,,,,0.16,,0.1,
1648,2,,,3,,,0.39,,,0.33
1649,,,1,,2,,0.21,,0.23,0.05
1650,3,,,,2,0.33,0.38,,,
1651,1,,1,,,0.52,,,,
1652,3,1,,,5,,0.3,0.7,0.25,0.23
1653,1,2,1,,,0.5,,0.88,,
1654,4,,,,2,0.29,0.36,,,
1655,4,,3,,,0.3,,0.49,,
1656,2,1,3,1,,,0.45,,,0.42
1657,,3,,4,,0.81,0.12,0.97,0.04,
1658,3,3,3,,5,,0.28,0.77,,0.05
1659,,,,,1,0.34,0.26,0.66,,0.05
1660,1,3,1,4,6,0.86,0.11,0.83,,
1661,,,,,,0.7,0.17,,0.06,0.06
1662,,,1,,,0.39,0.32,0.23,,0.59
1663,2,,1,3,,0.05,1.0,,,0.33
1664,,3,1,1,,,0.46,0.57,,0.75
1665,2,1,,,4,0.16,,0.51,0.49,
1666,2,1,,4,,0.09,,0.41,0.75,
1667,,,,2,3,,0.17,0.74,0.18,
1668,1,,,,,,,,,
1669,,3,,,,,,,0.07,
1670,3,,2,,,0.35,0.55,,0.41,
1671,,3,,1,4,0.25,,0.36,,0.48
1672,2,1,,3,5,0.07,0.55,,0.61,0.22
1673,,,3,4,,,,0.87,,0.04
1674,,1,,,,,,,,0.16
1675,,1,,2,4,,,0.86,,
1676,1,3,,3,,,,0.9,,0.18
1677,,3,1,,2,,,0.57,0.2,0.28
1678,2,,,,4,0.12,0.46,,,0.57
1679,2,,,1,,,,0.08,0.78,0.39
1680,1,,1,4,,0.96,,0.9,,
1681,3,,,,6,,0.31,0.63,,0.14
1682,3,1,,,6,,0.26,0.67,,
1683,2,,,4,4,0.03,,0.61,,0.06
1684,,3,1,1,6,0.78,0.18,0.86,0.09,
1685,,,2,1,1,0.13,,0.11,,
1686,3,,,2,,0.35,,,0.21,0.09
1687,4,3,,1,1,,,0.49,0.41,
1688,1,,,4,2,,,,,0.02
1689,1,3,,2,5,,0.19,,,
1690,,,,,,0.24,0.24,0.7,0.29,0.34
1691,,,,,6,,,,0.74,
1692,2,,,,,,,0.49,0.81,0.29
1693,,1,,3,4,,,,0.67,
1694,,,,,,,,0.72,,0.13
1695,,,,,1,0.65,0.18,0.93,,
1696,3,3,,3,5,,,,0.21,0.32
1697,,3,,,,0.53,,0.86,,0.13
1698,,1,,,,,0.31,,0.17,
1699,,,1,,,0.26,0.42,0.28,0.45,0.59
1700,3,1,3,3,6,0.48,,0.6,,0.33
1701,4,1,,,,0.26,,,0.46,
1702,,,,2,,0.38,,0.68,,
1703,1,3,1,2,,,0.2,0.77,0.11,0.09
1704,2,,,1,,,0.54,,0.6,
1705,,,3,,2,0.54,,0.77,,0.04
1706,1,,,,2,,,0.9,0.02,0.05
1707,,1,,4,4,0.24,0.21,,0.28,
1708,,,,,4,,0.45,,0.45,
1709,,1,,,,0.46,0.29,,0.1,0.02
1710,3,,1,3,,,0.26,,,
1711,2,3,3,,5,,0.77,,1.0,
1712,,3,,3,6,0.28,0.33,0.5,,
1713,,,,3,,0.57,0.27,0.8,0.15,
1714,1,3,1,4,1,0.69,0.19,0.97,,0.02
1715,,,1,2,6,0.51,0.12,0.7,0.11,0.11
1716,4,3,,,,0.32,0.33,,,0.08
1717,3,3,,,4,0.41,,0.76,0.14,0.12
1718,,,,,4,,,0.54,,0.19
1719,2,,,3,4,,0.38,0.26,0.49,0.21
1720,4,,3,,4,,0.31,0.61,,0.23
1721,,3,3,2,,,,,,
1722,2,3,3,,4,,,0.31,,1.0
1723,3,3,1,4,2,0.33,,0.61,0.24,
1724,,3,,2,1,,0.14,0.72,,
1725,3,,,,6,0.47,,,,0.19
1726,3,2,1,,2,,0.35,0.94,0.08,
1727,2,,,,,0.14,,,0.74,
1728,2,,3,1,,0.2,0.32,0.4,0.45,
1729,,1,,3,,,,,0.42,0.33
1730,2,,,3,,0.2,,0.74,0.49,0.31
1731,3,,3,,,0.39,,0.7,,0.15
1732,3,,1,,4,,,0.74,,
1733,4,,,3,5,0.23,0.51,,0.59,0.24
1734,4,,,2,1,0.22,0.51,0.54,,0.11
1735,1,1,1,,,,,0.78,,
1736,,,1,4,,0.34,,0.62,,0.06
1737,,,,,,0.48,,0.68,,0.08
1738,3,,1,3,,0.49,0.13,,0.16,
1739,,,,,,,0.18,0.61,0.15,
1740,3,,,2,6,0.41,,,0.16,
1741,,,1,4,,,0.26,,0.05,0.01
1742,,,,4,4,,,0.66,0.15,0.06
1743,,3,,2,,0.37,0.44,0.67,0.37,
1744,3,,,2,,,0.26,0.73,0.12,
1745,4,,,4,1,0.23,,0.72,0.36,0.05
1746,1,3,,,1,0.57,0.13,,,0.01
1747,,,1,4,1,,0.04,,0.08,0.06
1748,,,,1,,0.44,0.44,0.62,0.25,
1749,,,3,2,2,,0.33,,,0.13
1750,,3,,,,0.17,0.45,0.31,,0.67
1751,2,1,3,,5,0.09,0.6,,0.54,
1752,4,3,,,4,,,0.5,,
1753,1,,1,3,,,0.17,0.83,,0.19
1754,,3,3,,,0.24,0.39,,0.33,
1755,,,1,1,,0.22,,,,
1756,,1,,,,,,0.8,0.18,
1757,,3,,3,,0.25,0.45,0.45,0.25,0.27
1758,1,1,,2,,,,0.84,0.09,
1759,,3,,3,2,0.26,0.35,0.82,0.19,0.22
1760,3,,,1,,,0.63,0.23,,
1761,1,3,1,2,2,0.67,0.08,,,0.12
1762,3,,3,,,0.33,0.3,0.79,0.19,
1763,3,,3,4,2,0.38,,,,0.03
1764,,3,,3,,0.45,,0.74,0.08,
1765,,3,3,3,,0.13,,,0.45,0.22
1766,3,,1,2,,,,0.63,0.13,
1767,1,,1,,2,,0.17,,,0.01
1768,4,,,,,0.3,0.33,0.36,0.46,0.67
1769,4,3,,2,6,0.3,0.37,0.86,,0.08
1770,3,,1,2,6,,,,0.2,0.14
1771,,3,2,,,,1.0,,1.0,
1772,,,3,3,,,0.05,,,
1773,2,1,1,2,,,,,,
1774,,,,1,4,0.22,0.54,0.37,,0.75
1775,2,,,,,0.05,0.71,,,
1776,,,,,,0.14,,,,
1777,,3,,4,,0.54,0.16,,,
1778,,3,3,1,,,,0.39,,
1779,,3,,,,0.44,,0.65,,0.48
1780,,,1,3,,,0.34,0.29,0.45,
1781,3,,,,,,0.33,,0.08,
1782,,1,1,,6,,,0.46,0.91,
1783,,,,,,0.51,0.24,,0.07,
1784,2,,,1,,,,0.45,,
1785,1,3,,2,,,0.16,,0.08,
1786,,3,1,,1,,0.13,,0.1,
1787,,3,,,,0.53,0.17,0.78,,0.09
1788,,3,2,,,,,,0.45,
1789,4,,,,2,,0.4,,,
1790,,3,,,6,,,,,
1791,,3,,,,,,0.4,,
1792,1,3,1,,,,,0.9,,0.08
1793,,,3,1,2,0.36,,0.41,,
1794,,3,,,,0.63,0.24,0.86,,0.02
1795,,,,,6,,0.11,,,0.06
1796,1,,1,2,6,,,,0.13,
1797,4,3,,,4,0.22,0.37,,,0.19
1798,,,1,3,,,,,,
1799,,,,2,,0.56,,,0.07,
1800,,3,,3,,0.12,0.61,,,0.19
1801,,,,,1,0.17,0.64,0.56,,
1802,,,1,,4,,0.34,0.24,0.47,0.72
1803,,,,4,2,0.44,,0.76,0.19,
1804,,1,3,3,,0.07,0.79,0.37,0.75,0.27
1805,,,,4,,0.4,0.35,,0.12,0.03
1806,,,3,,,,,0.64,0.25,0.45
1807,,3,,,,0.31,,,,0.15
1808,1,,,2,,0.58,0.46,0.87,,0.13
1809,,,,,,0.34,0.4,,0.33,0.26
1810,4,,,,5,0.24,,0.73,,0.06
1811,,3,,1,2,0.27,0.59,,,0.62
1812,,3,,1,1,,,0.41,,0.53
1813,,,3,2,2,0.36,,,0.15,
1814,4,1,2,,,,0.38,0.57,,0.49
1815,2,1,,,1,0.13,0.53,,0.69,0.09
1816,,,3,,2,,,0.11,,0.64
1817,1,,,,2,,,0.94,0.03,
1818,2,3,1,1,,0.15,,,,0.5
1819,1,3,,4,2,,0.12,0.88,0.04,0.02
1820,3,1,3,3,,0.33,0.51,0.58,0.24,
1821,3,,1,,6,0.34,0.23,0.41,0.18,0.23
1822,3,3,,,6,,,,0.12,0.38
1823,2,1,3,,3,,0.87,,,0.23
1824,2,1,,1,,,,,0.48,
1825,,3,1,,2,,,,,
1826,,,,3,1,,0.34,,0.47,0.18
1827,,3,,4,2,,,0.78,,
1828,1,3,,,4,0.55,0.09,0.82,,0.09
1829,1,3,,4,,0.74,,0.75,,
1830,4,,3,,,,0.4,0.7,0.46,
1831,,,2,4,,0.24,,,,
1832,2,1,3,,4,,,0.23,,
1833,,,1,,,,,,0.02,0.04
1834,4,3,,,1,,0.22,0.73,,
1835,,,,,2,0.51,0.38,0.81,0.12,
1836,4,,,1,,0.25,0.76,,,0.65
1837,2,3,,,,0.1,0.63,,,
1838,2,1,3,2,5,0.2,0.34,0.63,0.31,
1839,4,,1,1,5,,0.45,0.51,0.42,
1840,,,3,,,0.41,,,0.13,
1841,,3,3,3,1,0.19,0.53,,0.47,
1842,2,3,3,,3,0.16,0.5,0.35,0.54,0.16
1843,2,,3,3,4,0.14,0.41,0.24,0.69,
1844,4,3,,,3,0.24,,0.57,0.42,0.44
1845,1,,,4,2,,,,0.04,
1846,3,,,,,0.44,,0.69,,0.16
1847,1,3,,,,,,0.75,,0.08
1848,2,3,2,1,2,0.17,,0.0,,
1849,,3,3,2,5,,,,0.19,0.14
1850,,3,,,,,0.55,,0.54,
1851,,,,2,,0.32,0.43,0.69,,
1852,,,,,,0.52,,0.56,0.15,
1853,4,,3,,4,0.24,,0.55,,
1854,,,1,,,,0.29,,0.38,
1855,1,3,,,5,,,,0.19,0.16
1856,2,3,3,2,4,0.15,,,0.5,0.09
1857,,1,3,3,4,,0.6,,,0.17
1858,2,,1,2,,,,,0.82,0.15
1859,2,1,1,2,1,0.18,0.4,0.62,,
1860,4,3,3,1,,,0.49,,,0.34
1861,,1,,,,0.23,,0.47,,0.27
1862,,3,,,5,,0.26,,,0.17
1863,,1,3,3,,0.18,0.44,0.46,0.49,
1864,2,1,,,1,,0.33,,,
1865,1,1,1,,2,0.82,,0.96,,
1866,4,,1,1,,0.24,0.25,,,
1867,4,1,,2,,0.21,0.4,0.67,,
1868,,,2,4,2,0.15,,0.5,,0.03
1869,,,1,4,1,0.34,,0.75,0.18,0.03
1870,,,3,3,,0.25,,,,0.19
1871,,,1,1,5,,0.7,,,
1872,1,3,,2,,0.53,0.16,0.82,,
1873,4,3,1,,,,0.3,0.32,,0.53
1874,,,3,4,4,,,,,
1875,,,3,,2,0.37,,0.59,0.19,
1876,,,,,6,0.47,,,,0.37
1877,,,3,,,0.48,,0.66,,0.18
1878,,3,,2,,0.21,,0.46,0.36,
1879,2,,,,,0.17,1.0,,0.73,0.88
1880,,1,,3,,0.07,,0.13,,
1881,3,3,,,2,,0.42,,,
1882,,3,,4,2,0.52,0.32,0.78,0.07,
1883,,3,1,2,,0.56,0.28,0.75,0.11,
1884,1,3,1,,,,0.22,0.68,,0.11
1885,1,3,,,,0.52,0.22,,0.16,0.38
1886,,,,2,2,0.66,,0.85,,0.08
1887,,3,1,3,,,0.23,,0.25,
1888,4,,,1,,,0.67,,0.39,
1889,,,,2,1,0.22,,0.61,0.37,0.09
1890,2,,,,,0.2,0.43,,,
1891,4,1,,,4,,0.18,0.68,0.23,0.05
1892,,3,,3,,,,0.6,0.35,0.23
1893,,3,,,,,0.44,,,0.15
1894,,,,3,1,,,0.47,,0.3
1895,,3,3,,2,0.47,0.3,,0.1,
1896,3,3,,3,1,0.35,,,0.22,0.19
1897,3,,1,4,,,0.25,0.74,0.07,
1898,,3,,2,2,0.7,,0.83,0.05,
1899,,,3,,,,0.17,0.66,,0.01
1900,1,,1,,6,,,0.99,,0.08
1901,,3,3,,,0.34,0.31,,0.29,0.5
1902,,,3,,5,0.28,,,0.21,
1903,,,,3,,0.41,0.54,,,
1904,3,3,1,3,6,0.34,0.23,,,0.22
1905,1,,1,,,,,0.77,,
1906,,3,3,,,,0.35,,,0.14
1907,3,3,1,4,,0.4,0.32,,,0.05
1908,,,3,1,,,,0.21,,
1909,,,1,2,2,,,,0.39,
1910,3,3,2,,2,0.33,0.76,0.55,0.24,
1911,,3,,,,,,,,
1912,,3,1,4,,0.49,0.19,,,
1913,4,1,,,,0.23,0.41,,0.39,
1914,,1,1,3,,,,,,0.29
1915,,3,3,,4,0.16,0.35,,,0.54
1916,1,3,1,,,,0.22,0.91,0.05,
1917,,,2,1,6,0.25,,0.57,0.56,
1918,4,1,,3,4,,0.19,,0.21,
1919,2,1,3,3,,,0.64,0.55,,0.29
1920,3,,3,,,,0.46,0.51,,0.27
1921,2,3,2,,,0.2,0.54,0.63,,0.13
1922,,,,3,,,,0.71,,
1923,,,1,3,,0.36,,,,
1924,1,,1,,6,0.73,0.21,,0.08,
1925,,3,1,,6,0.74,,,,0.13
1926,4,1,3,,,0.22,0.98,,,
1927,,3,2,,,,0.28,0.62,,0.09
1928,1,,,2,2,0.56,0.18,0.82,0.06,
1929,3,,3,3,1,,0.28,,0.16,
1930,3,,,3,1,,,0.61,0.1,
1931,,1,1,,2,0.84,0.11,,,
1932,,3,3,2,,,,0.64,,0.12
1933,,2,1,,,,0.22,0.99,,
1934,1,,1,,2,0.58,0.06,,,
1935,,3,,,,,,0.77,0.08,
1936,4,,,,1,0.28,,,0.19,0.04
1937,,3,2,4,,,0.47,,0.11,0.04
1938,,1,,4,,0.22,,,,
1939,,1,,3,5,0.21,0.49,0.66,0.35,0.2
1940,,1,,,2,,0.39,,0.53,0.08
1941,,3,1,,,,0.47,,,
1942,,3,1,2,6,,,0.6,0.17,
1943,4,,3,,,0.32,0.29,,0.28,0.12
1944,,,2,3,,,0.43,,,0.16
1945,,,,,6,0.56,0.12,0.71,0.1,0.16
1946,3,,,,,0.38,0.23,,0.22,
1947,3,,3,3,,,0.34,,,0.2
1948,2,,1,4,,,,,0.46,0.06
1949,,,,3,2,,0.06,0.94,,
1950,4,,3,3,1,0.24,,,,0.23
1951,,,,,2,0.41,,,0.11,
1952,,3,,,,,0.17,,0.08,0.26
1953,1,,,2,,,0.18,0.79,0.1,0.11
1954,2,1,,,1,0.16,,0.64,,
1955,3,3,1,,6,,,,0.35,0.48
1956,,,,4,,0.64,,0.91,0.05,
1957,,3,,3,,0.23,,,0.31,
1958,,,1,1,,,,0.42,0.38,
1959,,3,,,,,,0.7,,
1960,,3,3,,,,,,,0.1
1961,2,,,4,,,0.35,,,0.02
1962,3,,,,1,,,,,
1963,4,,,3,6,,,0.57,0.44,0.32
1964,4,3,1,,,0.26,0.44,0.2,0.38,0.45
1965,3,3,1,1,,0.38,0.47,,0.3,0.6
1966,4,,1,1,1,,0.33,0.46,0.32,0.69
1967,,3,1,3,,0.52,0.19,0.58,,
1968,,2,1,4,,,0.32,0.92,,0.04
1969,3,3,1,,2,,,0.43,0.25,0.19
1970,3,,1,1,6,0.36,,,0.33,
1971,,3,3,1,4,0.25,0.28,,0.24,
1972,,,1,,,,,0.6,,
1973,,,1,3,6,,0.27,0.64,0.23,0.3
1974,,,3,,,0.42,,0.78,0.07,
1975,4,1,3,,4,,,,,
1976,3,,1,,6,,0.17,,,
1977,,3,1,2,,0.52,0.25,,0.11,0.08
1978,4,,,3,4,0.22,0.4,,,0.25
1979,1,,1,,2,0.69,,0.84,0.05,0.04
1980,,3,3,,2,0.48,0.31,,0.16,
1981,,,3,,,0.34,0.58,,0.21,
1982,,,,,2,,0.2,0.78,,0.07
1983,3,3,1,,,,,0.85,0.11,0.03
1984,,3,2,,,0.24,0.39,0.44,0.31,0.56
1985,,,1,2,1,,0.26,0.77,,0.14
1986,2,1,,,,,0.27,,,
1987,1,,1,,,,0.2,0.84,0.06,
1988,3,1,,4,,0.42,,,,0.04
1989,2,,,,,0.12,,0.18,,
1990,,,1,2,4,0.42,0.12,0.63,,0.09
1991,,,,,6,,0.24,0.66,,0.45
1992,4,,,3,,,0.5,,,
1993,,,,3,2,0.44,,,,0.19
1994,,,,,,0.4,0.47,0.61,0.35,0.48
