ID,Cement,BlastFurnaceSlag,FlyAsh,Water,Superplasticizer,CoarseAggregate,FineAggregate,Duration,ConcreteCS
1,540.0,0.0,0.0,162.0,,1040.0,676.0,28,79.99
2,540.0,0.0,0.0,162.0,2.5,,676.0,28,61.89
3,332.5,142.5,0.0,,0.0,932.0,594.0,270,40.27
4,332.5,142.5,0.0,228.0,0.0,932.0,594.0,365,41.05
5,198.6,132.4,0.0,192.0,0.0,978.4,825.5,360,44.3
6,266.0,114.0,0.0,228.0,0.0,932.0,670.0,90,47.03
7,,95.0,0.0,228.0,0.0,,594.0,365,43.7
8,,95.0,0.0,228.0,0.0,932.0,594.0,28,36.45
9,266.0,114.0,0.0,228.0,0.0,932.0,670.0,28,45.85
10,475.0,0.0,0.0,228.0,0.0,932.0,594.0,,39.29
11,198.6,132.4,0.0,192.0,0.0,978.4,825.5,90,
12,198.6,132.4,0.0,192.0,0.0,978.4,825.5,28,28.02
13,,47.5,0.0,228.0,0.0,932.0,594.0,270,43.01
14,190.0,,0.0,228.0,0.0,932.0,670.0,90,42.33
15,,76.0,0.0,228.0,,932.0,670.0,28,47.81
16,380.0,0.0,0.0,,0.0,932.0,670.0,90,52.91
17,139.6,209.4,,192.0,0.0,1047.0,806.9,90,39.36
18,342.0,38.0,,228.0,0.0,932.0,670.0,365,56.14
19,380.0,95.0,0.0,228.0,,932.0,594.0,90,40.56
20,,,0.0,228.0,0.0,932.0,,,
21,427.5,47.5,,228.0,0.0,932.0,594.0,180,
22,139.6,,0.0,192.0,0.0,,806.9,28,28.24
23,139.6,209.4,,,0.0,1047.0,806.9,3,8.06
24,139.6,209.4,0.0,192.0,0.0,1047.0,806.9,180,44.21
25,,,0.0,,0.0,932.0,670.0,,52.52
26,380.0,0.0,0.0,228.0,,932.0,670.0,270,53.3
27,380.0,95.0,0.0,228.0,0.0,932.0,,270,41.15
28,342.0,38.0,0.0,228.0,0.0,932.0,,180,
29,427.5,47.5,0.0,,,,,28,37.43
30,475.0,0.0,0.0,228.0,0.0,932.0,594.0,,38.6
31,304.0,76.0,0.0,228.0,0.0,932.0,670.0,365,55.26
32,266.0,114.0,,228.0,0.0,,670.0,365,52.91
33,198.6,132.4,0.0,192.0,,978.4,825.5,180,41.72
34,475.0,,0.0,228.0,0.0,932.0,594.0,270,42.13
35,,190.0,0.0,228.0,0.0,932.0,670.0,365,53.69
36,237.5,237.5,0.0,228.0,0.0,932.0,594.0,270,38.41
37,,237.5,,228.0,0.0,932.0,594.0,28,30.08
38,332.5,142.5,0.0,228.0,0.0,932.0,594.0,,37.72
39,475.0,0.0,0.0,228.0,0.0,932.0,,,42.23
40,237.5,237.5,0.0,228.0,0.0,932.0,,180,36.25
41,342.0,38.0,0.0,228.0,0.0,932.0,670.0,90,
42,427.5,47.5,0.0,228.0,0.0,932.0,594.0,365,43.7
43,,237.5,0.0,228.0,0.0,,594.0,,39.0
44,380.0,0.0,0.0,228.0,0.0,932.0,670.0,180,53.1
45,427.5,,0.0,228.0,0.0,932.0,594.0,90,41.54
46,427.5,47.5,0.0,228.0,0.0,932.0,594.0,7,35.08
47,,0.0,0.0,,0.0,1047.0,806.9,3,15.05
48,380.0,95.0,0.0,228.0,0.0,932.0,594.0,,40.76
49,237.5,237.5,0.0,228.0,0.0,932.0,594.0,7,26.26
50,380.0,95.0,0.0,228.0,0.0,932.0,594.0,7,32.82
51,332.5,142.5,0.0,228.0,0.0,932.0,594.0,180,39.78
52,190.0,190.0,,228.0,0.0,,670.0,,46.93
53,237.5,,0.0,228.0,,932.0,594.0,90,33.12
54,304.0,76.0,,228.0,,932.0,670.0,90,49.19
55,,209.4,0.0,192.0,0.0,1047.0,806.9,7,14.59
56,198.6,132.4,0.0,192.0,0.0,978.4,,7,14.64
57,475.0,,0.0,228.0,0.0,,594.0,365,41.93
58,,132.4,,192.0,0.0,,825.5,,9.13
59,,76.0,0.0,228.0,0.0,,,180,50.95
60,332.5,142.5,0.0,228.0,0.0,932.0,,28,33.02
61,304.0,76.0,0.0,228.0,0.0,932.0,670.0,270,
62,266.0,114.0,0.0,228.0,0.0,932.0,670.0,270,51.73
63,310.0,0.0,0.0,,,971.0,850.6,3,
64,190.0,190.0,0.0,228.0,0.0,932.0,670.0,270,50.66
65,266.0,114.0,0.0,228.0,0.0,932.0,670.0,,48.7
66,342.0,38.0,0.0,,0.0,932.0,670.0,270,55.06
67,139.6,209.4,0.0,192.0,0.0,1047.0,806.9,360,44.7
68,332.5,142.5,0.0,228.0,0.0,932.0,594.0,7,30.28
69,190.0,190.0,0.0,228.0,0.0,,670.0,28,40.86
70,485.0,0.0,,146.0,0.0,1120.0,800.0,,71.99
71,,,0.0,170.1,10.1,926.1,756.7,3,
72,313.3,262.2,0.0,175.5,8.6,1046.9,611.8,3,28.8
73,425.0,106.3,,,16.5,852.1,887.1,,33.4
74,,,,,18.6,,803.7,3,36.3
75,,93.8,0.0,126.6,23.4,852.1,992.6,3,29.0
76,475.0,118.8,0.0,181.1,8.9,852.1,,,
77,469.0,,0.0,137.8,32.2,852.1,,3,40.2
78,425.0,106.3,0.0,153.5,16.5,852.1,887.1,3,33.4
79,,97.1,0.0,157.9,12.1,852.1,925.7,3,28.1
80,,0.0,0.0,141.8,,852.1,893.7,,41.3
81,,,,153.5,,852.1,887.1,,33.4
82,318.8,212.5,0.0,155.7,,852.1,880.4,3,
83,401.8,94.7,0.0,147.4,11.4,946.8,,3,41.1
84,362.6,189.0,,164.9,11.6,944.7,,3,35.3
85,323.7,282.8,0.0,183.8,10.3,,,3,28.3
86,379.5,151.2,0.0,153.9,15.9,1134.3,,3,
87,362.6,189.0,0.0,164.9,11.6,944.7,755.8,,35.3
88,286.3,200.9,0.0,144.7,,1004.6,803.7,3,24.4
89,362.6,189.0,0.0,164.9,11.6,944.7,,3,35.3
90,439.0,177.0,0.0,186.0,,884.9,,3,39.3
91,,189.0,0.0,145.9,22.0,944.7,755.8,3,40.6
92,362.6,189.0,0.0,164.9,11.6,944.7,,3,35.3
93,337.9,,0.0,174.9,9.5,944.7,755.8,3,
94,,189.2,0.0,170.1,10.1,926.1,756.7,7,
95,313.3,262.2,,175.5,8.6,,611.8,7,42.8
96,425.0,106.3,0.0,153.5,16.5,852.1,887.1,7,49.2
97,425.0,106.3,,151.4,18.6,936.0,803.7,7,46.8
98,375.0,93.8,0.0,126.6,23.4,852.1,992.6,7,45.7
99,475.0,118.8,0.0,181.1,8.9,852.1,,7,
100,,,,137.8,32.2,852.1,840.5,,
101,425.0,106.3,0.0,,,,887.1,7,49.2
102,,97.1,,157.9,12.1,852.1,925.7,7,34.9
103,531.3,,,141.8,28.2,852.1,893.7,7,
104,425.0,106.3,0.0,153.5,16.5,852.1,887.1,7,49.2
105,318.8,212.5,0.0,155.7,14.3,852.1,,7,33.4
106,,94.7,0.0,,,,852.1,7,54.1
107,362.6,189.0,0.0,164.9,11.6,944.7,755.8,7,55.9
108,323.7,282.8,0.0,,10.3,942.7,659.9,7,49.8
109,379.5,,,,15.9,,605.0,,47.1
110,362.6,189.0,,164.9,11.6,944.7,755.8,7,
111,,200.9,,144.7,,1004.6,803.7,7,38.0
112,362.6,189.0,0.0,164.9,11.6,944.7,755.8,7,55.9
113,439.0,177.0,0.0,186.0,11.1,884.9,707.9,7,56.1
114,389.9,189.0,,145.9,22.0,944.7,755.8,7,59.09
115,362.6,189.0,0.0,164.9,11.6,,755.8,7,22.9
116,337.9,,0.0,174.9,,944.7,755.8,,35.1
117,374.0,189.2,,170.1,10.1,926.1,756.7,28,61.09
118,,262.2,0.0,,8.6,1046.9,611.8,28,
119,425.0,106.3,0.0,153.5,16.5,,887.1,28,60.29
120,425.0,,,,,936.0,803.7,28,61.8
121,375.0,,0.0,126.6,23.4,852.1,992.6,28,56.7
122,475.0,118.8,0.0,,,852.1,781.5,28,68.3
123,469.0,117.2,0.0,137.8,32.2,,840.5,28,66.9
124,425.0,106.3,0.0,153.5,,852.1,887.1,28,60.29
125,388.6,97.1,0.0,157.9,12.1,852.1,925.7,28,50.7
126,531.3,0.0,0.0,141.8,28.2,852.1,893.7,28,56.4
127,425.0,,0.0,153.5,16.5,852.1,887.1,,60.29
128,318.8,212.5,0.0,,14.3,852.1,,28,55.5
129,401.8,94.7,0.0,147.4,11.4,946.8,852.1,28,68.5
130,362.6,189.0,,164.9,11.6,944.7,755.8,28,71.3
131,323.7,282.8,0.0,183.8,10.3,,659.9,28,
132,379.5,151.2,0.0,153.9,15.9,1134.3,,,52.2
133,362.6,189.0,,,11.6,944.7,755.8,,71.3
134,286.3,200.9,0.0,144.7,11.2,1004.6,,28,67.7
135,362.6,,0.0,164.9,11.6,944.7,755.8,28,71.3
136,,177.0,0.0,186.0,11.1,884.9,,,66.0
137,389.9,,0.0,,22.0,,755.8,28,74.5
138,,,0.0,164.9,11.6,944.7,755.8,,71.3
139,337.9,189.0,0.0,174.9,9.5,944.7,755.8,28,49.9
140,374.0,189.2,,,10.1,926.1,756.7,56,63.4
141,,262.2,0.0,,8.6,,611.8,56,64.9
142,425.0,106.3,,153.5,16.5,852.1,887.1,56,
143,425.0,106.3,0.0,151.4,18.6,,803.7,56,64.9
144,,93.8,0.0,126.6,,852.1,992.6,56,60.2
145,475.0,118.8,0.0,,8.9,852.1,781.5,56,72.3
146,469.0,117.2,,137.8,32.2,,840.5,56,
147,425.0,106.3,,153.5,16.5,852.1,887.1,56,
148,388.6,97.1,0.0,,,,925.7,56,55.2
149,531.3,0.0,,141.8,28.2,852.1,893.7,56,58.8
150,425.0,106.3,0.0,153.5,16.5,,887.1,56,64.3
151,318.8,212.5,0.0,155.7,14.3,852.1,880.4,56,66.1
152,401.8,94.7,0.0,147.4,,946.8,852.1,56,73.7
153,,189.0,0.0,164.9,11.6,944.7,,56,77.3
154,323.7,,0.0,183.8,10.3,,659.9,56,80.2
155,379.5,151.2,0.0,153.9,15.9,1134.3,605.0,56,54.9
156,362.6,,0.0,164.9,11.6,944.7,,56,77.3
157,286.3,200.9,,,11.2,1004.6,803.7,56,72.99
158,362.6,189.0,,164.9,11.6,944.7,755.8,56,77.3
159,439.0,177.0,0.0,,11.1,884.9,707.9,56,71.7
160,389.9,189.0,0.0,145.9,22.0,,755.8,56,79.4
161,,189.0,,164.9,,944.7,755.8,56,77.3
162,,189.0,0.0,,9.5,944.7,755.8,,
163,374.0,189.2,0.0,170.1,10.1,,756.7,91,64.9
164,313.3,262.2,0.0,175.5,,,,,
165,425.0,106.3,,153.5,16.5,852.1,887.1,91,65.2
166,425.0,106.3,0.0,151.4,18.6,936.0,803.7,91,66.7
167,375.0,93.8,,,23.4,852.1,992.6,,
168,475.0,118.8,0.0,181.1,,852.1,781.5,91,74.19
169,469.0,117.2,0.0,137.8,32.2,852.1,840.5,91,70.7
170,425.0,106.3,0.0,153.5,16.5,852.1,887.1,,65.2
171,388.6,97.1,0.0,,,852.1,925.7,91,57.6
172,531.3,0.0,,141.8,28.2,852.1,893.7,91,59.2
173,,106.3,0.0,153.5,16.5,,887.1,91,65.2
174,318.8,,0.0,155.7,14.3,852.1,880.4,,68.1
175,401.8,94.7,0.0,147.4,11.4,,852.1,91,75.5
176,362.6,189.0,0.0,164.9,,944.7,755.8,91,79.3
177,379.5,151.2,0.0,,15.9,1134.3,,91,
178,,,0.0,164.9,11.6,,,91,79.3
179,286.3,200.9,0.0,144.7,11.2,1004.6,803.7,91,76.8
180,362.6,189.0,,164.9,11.6,944.7,,91,79.3
181,439.0,177.0,0.0,186.0,11.1,884.9,707.9,91,
182,389.9,189.0,0.0,,,944.7,755.8,91,82.6
183,362.6,189.0,0.0,164.9,11.6,944.7,,91,
184,337.9,,0.0,,9.5,944.7,755.8,91,67.8
185,222.4,0.0,96.7,189.3,4.5,967.1,870.3,3,11.58
186,,0.0,96.7,,4.5,967.1,870.3,14,24.45
187,,0.0,96.7,,4.5,967.1,870.3,28,24.89
188,222.4,0.0,96.7,189.3,,967.1,870.3,56,
189,222.4,0.0,96.7,189.3,4.5,967.1,870.3,,40.71
190,,0.0,94.6,197.9,4.6,,852.2,3,10.38
191,233.8,,94.6,197.9,4.6,947.0,,14,
192,233.8,0.0,94.6,197.9,4.6,947.0,852.2,28,22.84
193,233.8,0.0,,197.9,4.6,,852.2,,
194,233.8,0.0,94.6,197.9,4.6,,852.2,100,34.56
195,194.7,0.0,,165.6,,,905.9,3,12.45
196,194.7,,,,7.5,1006.4,905.9,14,24.99
197,,0.0,,165.6,,1006.4,905.9,28,
198,,0.0,,165.6,,1006.4,905.9,56,33.96
199,194.7,0.0,100.5,,7.5,1006.4,,100,37.34
200,190.7,0.0,,162.1,7.8,,804.0,3,
201,190.7,,125.4,,,,804.0,14,21.06
202,190.7,,,162.1,7.8,,804.0,28,26.4
203,,,125.4,162.1,7.8,1090.0,804.0,,35.34
204,190.7,0.0,125.4,,7.8,1090.0,804.0,100,
205,212.1,0.0,121.6,180.3,5.7,1057.6,779.3,3,12.47
206,,0.0,,,5.7,1057.6,779.3,14,20.92
207,212.1,0.0,121.6,180.3,5.7,1057.6,779.3,28,
208,,0.0,121.6,180.3,,1057.6,,56,34.2
209,212.1,0.0,121.6,180.3,,1057.6,,100,39.61
210,230.0,0.0,118.3,195.5,,1029.4,758.6,,10.03
211,230.0,0.0,,195.5,4.6,1029.4,758.6,14,
212,230.0,,118.3,,4.6,,758.6,28,
213,,0.0,,195.5,4.6,,,56,31.54
214,230.0,0.0,118.3,195.5,4.6,1029.4,,,35.34
215,190.3,0.0,125.2,161.9,,1088.1,802.6,3,
216,190.3,,125.2,161.9,9.9,1088.1,,14,22.72
217,,,125.2,161.9,9.9,,,28,28.47
218,,0.0,125.2,161.9,9.9,1088.1,,,38.56
219,190.3,0.0,125.2,,9.9,1088.1,,100,40.39
220,166.1,0.0,163.3,,,1058.6,780.1,,10.76
221,166.1,,,176.5,4.5,,780.1,,25.48
222,166.1,0.0,163.3,176.5,4.5,1058.6,,28,
223,166.1,0.0,163.3,176.5,4.5,1058.6,780.1,56,28.63
224,,0.0,,176.5,,1058.6,780.1,100,33.54
225,168.0,42.1,,,5.7,1058.7,780.1,3,
226,168.0,42.1,163.8,,,1058.7,,14,17.82
227,168.0,42.1,163.8,121.8,5.7,,780.1,28,24.24
228,168.0,,163.8,,5.7,1058.7,,56,32.85
229,168.0,42.1,163.8,121.8,5.7,1058.7,780.1,,39.23
230,213.7,,24.5,181.7,6.9,1065.8,785.4,3,
231,,98.1,24.5,181.7,6.9,1065.8,,14,30.39
232,213.7,,24.5,181.7,6.9,,,28,
233,,98.1,,181.7,6.9,1065.8,,56,50.77
234,213.7,98.1,24.5,181.7,,1065.8,,100,53.9
235,213.8,98.1,,181.7,6.7,1066.0,785.5,3,13.18
236,213.8,,24.5,181.7,6.7,1066.0,785.5,14,17.84
237,213.8,,24.5,181.7,6.7,1066.0,785.5,28,40.23
238,213.8,98.1,,181.7,6.7,1066.0,785.5,56,47.13
239,213.8,98.1,24.5,181.7,,1066.0,785.5,100,49.97
240,229.7,0.0,118.2,,6.1,,757.6,3,13.36
241,229.7,,118.2,195.2,6.1,1028.1,757.6,14,
242,229.7,0.0,118.2,195.2,6.1,1028.1,757.6,,
243,229.7,0.0,118.2,,6.1,1028.1,757.6,56,31.35
244,229.7,0.0,,195.2,6.1,,,100,40.86
245,238.1,0.0,94.1,,7.0,,,,19.93
246,238.1,0.0,94.1,186.7,7.0,,847.0,,25.69
247,238.1,,94.1,,,949.9,847.0,28,
248,238.1,0.0,94.1,,7.0,,847.0,56,39.59
249,238.1,,94.1,186.7,7.0,949.9,847.0,100,44.3
250,250.0,0.0,95.7,,5.5,,861.2,,13.82
251,250.0,,95.7,187.4,,956.9,861.2,,
252,250.0,0.0,,187.4,5.5,,861.2,28,29.22
253,,0.0,,187.4,,956.9,861.2,56,38.33
254,250.0,,95.7,187.4,,956.9,861.2,100,42.35
255,212.5,0.0,100.4,159.3,8.7,1007.8,903.6,,13.54
256,212.5,0.0,100.4,159.3,8.7,,903.6,14,26.31
257,212.5,0.0,100.4,159.3,,1007.8,903.6,28,31.64
258,,0.0,100.4,159.3,8.7,1007.8,903.6,56,42.55
259,212.5,0.0,100.4,159.3,8.7,1007.8,903.6,100,
260,212.6,,,159.4,,,903.8,3,13.33
261,,,100.4,159.4,,1003.8,,,25.37
262,,0.0,100.4,159.4,10.4,1003.8,903.8,28,37.4
263,212.6,0.0,,,,,903.8,56,
264,212.6,0.0,100.4,159.4,10.4,,903.8,100,47.74
265,212.0,,124.8,,7.8,1085.4,799.5,,19.52
266,,0.0,124.8,,7.8,1085.4,799.5,,31.35
267,212.0,0.0,,159.0,,1085.4,799.5,,38.5
268,212.0,0.0,124.8,159.0,7.8,1085.4,799.5,,
269,,0.0,124.8,159.0,7.8,1085.4,799.5,100,47.82
270,231.8,0.0,,174.0,,1056.4,778.5,3,15.44
271,231.8,0.0,,174.0,6.7,1056.4,,14,26.77
272,231.8,0.0,121.6,174.0,6.7,1056.4,778.5,,
273,231.8,,121.6,174.0,6.7,,,,42.7
274,231.8,0.0,121.6,,6.7,,778.5,,45.84
275,251.4,0.0,118.3,188.5,5.8,1028.4,757.7,3,17.22
276,,0.0,,188.5,5.8,1028.4,757.7,14,29.93
277,,0.0,118.3,188.5,,,757.7,28,29.65
278,251.4,0.0,,,5.8,1028.4,,56,
279,251.4,,118.3,,,,757.7,100,43.58
280,,0.0,,188.5,,1028.4,,3,13.12
281,,0.0,118.3,188.5,6.4,1028.4,757.7,14,
282,,0.0,118.3,188.5,6.4,1028.4,,,32.66
283,,0.0,118.3,188.5,,1028.4,757.7,56,36.64
284,251.4,0.0,118.3,188.5,6.4,1028.4,757.7,100,
285,,,167.0,,7.6,,,3,
286,181.4,,,169.6,,1055.6,,14,21.6
287,181.4,0.0,167.0,169.6,,,777.8,,27.77
288,181.4,0.0,,,7.6,,777.8,,35.57
289,181.4,,167.0,169.6,7.6,1055.6,,100,45.37
290,182.0,45.2,122.0,,8.2,1059.4,780.7,3,
291,182.0,45.2,122.0,,8.2,1059.4,780.7,,
292,182.0,45.2,,,,1059.4,780.7,28,
293,,45.2,122.0,170.2,8.2,1059.4,780.7,56,43.5
294,,,122.0,,8.2,,780.7,100,
295,168.9,42.2,124.3,,10.8,1080.8,796.2,3,7.4
296,168.9,42.2,124.3,,10.8,1080.8,796.2,,23.51
297,168.9,42.2,124.3,158.3,10.8,1080.8,796.2,28,31.12
298,168.9,42.2,124.3,,10.8,1080.8,,56,39.15
299,,42.2,124.3,,,1080.8,,100,48.15
300,290.4,0.0,96.2,168.1,9.4,,865.0,3,22.5
301,290.4,0.0,96.2,,9.4,961.2,865.0,14,
302,290.4,0.0,,,,961.2,865.0,28,34.74
303,,,,,9.4,961.2,865.0,56,45.08
304,290.4,0.0,96.2,,9.4,961.2,,100,48.97
305,277.1,0.0,97.4,,,973.9,875.6,,23.14
306,,0.0,97.4,160.6,11.8,973.9,,,41.89
307,277.1,0.0,97.4,,11.8,973.9,875.6,28,48.28
308,277.1,0.0,,160.6,11.8,,,56,
309,,0.0,97.4,160.6,,973.9,875.6,100,
310,,0.0,,,8.9,955.1,859.2,3,
311,295.7,0.0,,171.5,,955.1,859.2,14,
312,,0.0,95.6,,,955.1,859.2,,39.94
313,,,95.6,171.5,,955.1,,56,48.72
314,,0.0,95.6,,8.9,955.1,859.2,100,52.04
315,251.8,,,,,1006.0,,,21.02
316,,0.0,99.9,146.1,12.4,1006.0,,14,33.36
317,251.8,0.0,99.9,,12.4,1006.0,,,
318,251.8,0.0,99.9,146.1,12.4,,,,
319,,0.0,99.9,,12.4,1006.0,899.8,100,45.37
320,249.1,0.0,,158.1,,,889.0,,15.36
321,,0.0,,,,987.8,889.0,,28.68
322,249.1,0.0,98.8,,12.8,987.8,889.0,28,30.85
323,249.1,0.0,98.8,158.1,,987.8,889.0,56,42.03
324,249.1,0.0,,158.1,12.8,,889.0,,
325,252.3,0.0,98.8,146.3,14.2,,889.0,3,21.78
326,252.3,0.0,98.8,146.3,14.2,987.8,889.0,14,
327,252.3,0.0,98.8,146.3,,987.8,889.0,,
328,252.3,0.0,,146.3,14.2,987.8,889.0,,55.83
329,252.3,0.0,98.8,,,,889.0,100,
330,,0.0,125.1,143.3,,1086.8,800.9,3,23.52
331,246.8,,125.1,143.3,12.0,1086.8,,14,42.22
332,,,125.1,143.3,,,,,52.5
333,,,125.1,,12.0,1086.8,800.9,56,
334,246.8,,125.1,143.3,12.0,,800.9,100,66.42
335,275.1,,121.4,159.5,9.9,1053.6,777.5,3,23.8
336,275.1,0.0,121.4,,,1053.6,777.5,14,38.77
337,275.1,0.0,121.4,,9.9,,,,
338,,,,159.5,9.9,,777.5,56,
339,,0.0,121.4,159.5,9.9,,777.5,100,
340,297.2,,,174.8,,1022.8,,3,21.91
341,297.2,0.0,,174.8,9.5,1022.8,,,36.99
342,297.2,0.0,117.5,174.8,,1022.8,753.5,,47.4
343,,,117.5,174.8,9.5,,753.5,,51.96
344,,,117.5,174.8,9.5,1022.8,753.5,,
345,213.7,,174.7,154.8,,,776.4,,17.57
346,,,,154.8,,,,,
347,,0.0,,154.8,10.2,1053.5,,,40.15
348,213.7,0.0,174.7,154.8,,1053.5,776.4,56,46.64
349,,0.0,174.7,154.8,,1053.5,776.4,100,50.08
350,,0.0,,154.6,11.7,1052.3,775.5,3,17.37
351,,0.0,174.2,154.6,,,775.5,,33.7
352,213.5,0.0,,,11.7,,775.5,28,
353,213.5,,174.2,154.6,,,,56,
354,213.5,,174.2,,11.7,1052.3,775.5,100,59.3
355,277.2,97.8,,160.7,,,,3,30.45
356,,97.8,24.5,160.7,11.2,1061.7,,14,47.71
357,,97.8,,,11.2,,,28,
358,277.2,97.8,,160.7,11.2,,,56,66.82
359,277.2,97.8,,160.7,,,,100,66.95
360,218.2,54.6,123.8,140.8,11.9,1075.7,792.7,3,27.42
361,,,123.8,140.8,11.9,1075.7,,14,35.96
362,218.2,,,140.8,11.9,,,28,
363,,54.6,,,11.9,,,56,61.99
364,218.2,54.6,123.8,,,1075.7,792.7,100,63.53
365,,53.8,121.9,,,1014.3,780.6,3,
366,214.9,53.8,121.9,155.6,9.6,1014.3,780.6,14,
367,214.9,53.8,121.9,,9.6,1014.3,780.6,28,52.2
368,214.9,,121.9,,9.6,1014.3,780.6,56,53.96
369,214.9,,121.9,155.6,,,,100,
370,218.9,,124.1,158.5,11.3,1078.7,794.9,3,
371,218.9,0.0,124.1,158.5,11.3,1078.7,794.9,14,
372,,,,158.5,,,794.9,,
373,218.9,,124.1,,11.3,,794.9,,
374,218.9,0.0,,,11.3,1078.7,794.9,,
375,,,,214.6,0.0,1003.5,762.4,,
376,376.0,,0.0,,,,762.4,,
377,376.0,0.0,,,,,762.4,,31.97
378,376.0,0.0,0.0,214.6,0.0,,762.4,,36.3
379,,,0.0,214.6,0.0,,,,
380,,0.0,0.0,,4.0,,,,67.57
381,475.0,0.0,59.0,142.0,,1098.0,641.0,28,
382,,137.0,0.0,145.0,5.9,,,28,81.75
383,505.0,0.0,60.0,195.0,,,,28,64.02
384,451.0,0.0,0.0,165.0,,,745.0,28,78.8
385,,0.0,0.0,,,801.0,,28,41.37
386,520.0,,,170.0,5.2,855.0,,28,60.28
387,,0.0,0.0,185.0,6.9,,720.0,28,
388,520.0,0.0,,175.0,5.2,870.0,805.0,,51.02
389,385.0,,136.0,158.0,20.0,,,28,55.55
390,500.1,0.0,0.0,,3.0,1124.4,613.2,28,44.13
391,450.1,50.0,,200.0,3.0,1124.4,,28,39.38
392,397.0,17.2,158.0,,,967.0,633.0,,
393,,,163.0,167.0,,996.0,652.0,28,47.28
394,334.0,17.6,,,15.3,,633.0,,44.33
395,405.0,,,,0.0,1120.0,,28,
396,,200.0,,190.0,0.0,1145.0,660.0,,49.25
397,,,0.0,162.0,8.3,801.0,,28,41.37
398,,,,,5.7,,880.0,28,
399,160.0,128.0,,,,824.0,,,39.4
400,234.0,,0.0,,,981.0,760.0,,
401,,,,159.0,9.5,860.0,800.0,,
402,,,,,,1044.0,662.0,,58.52
403,,190.0,0.0,163.0,7.6,1031.0,685.0,28,53.58
404,,119.0,0.0,,,,657.0,28,
405,275.0,,,,,830.0,765.0,,
406,,,,151.0,,,655.0,,69.84
407,165.0,0.0,143.6,163.8,,1005.6,,3,14.4
408,,128.5,,175.1,8.1,1005.8,746.6,3,19.42
409,178.0,129.8,118.6,,3.6,1007.3,746.8,3,20.73
410,,129.9,128.6,,7.8,1006.3,,3,
411,172.4,13.6,172.4,,4.1,,,,21.29
412,173.5,,,,6.5,,,3,
413,167.0,,,,7.9,,770.1,3,
414,173.8,93.4,159.9,172.3,,1007.2,746.6,,15.82
415,,,,166.6,9.9,1079.0,798.9,,12.55
416,250.0,,95.7,,5.3,,,,
417,,,174.2,159.2,11.7,1043.6,,,
418,194.7,0.0,,170.2,,998.0,901.8,3,12.18
419,251.4,0.0,118.3,,5.8,,754.3,3,
420,,0.0,143.6,163.8,0.0,1005.6,900.9,14,
421,165.0,,132.1,175.1,,,,14,33.09
422,178.0,,,179.9,3.6,,,14,
423,167.4,129.9,128.6,,,1006.3,,14,31.81
424,,13.6,172.4,,,1006.3,856.4,14,
425,173.5,,,164.8,,,793.5,14,
426,,,167.0,,7.9,1007.3,,,
427,173.8,93.4,159.9,,,1007.2,746.6,14,
428,190.3,0.0,,,9.9,,,,
429,250.0,0.0,95.7,,5.3,,857.2,,24.66
430,,,174.2,,11.7,,,14,29.59
431,,,,170.2,,998.0,,,24.28
432,251.4,0.0,118.3,,,1043.6,754.3,14,
433,,0.0,,163.8,,1005.6,900.9,,26.2
434,,,,,,1005.8,,28,46.39
435,,129.8,118.6,,,,,28,39.16
436,,129.9,,,7.8,1006.3,746.6,,41.2
437,172.4,13.6,,,4.1,1006.3,856.4,,33.69
438,,50.1,,,,,793.5,28,38.2
439,,,167.0,,7.9,1007.3,,28,
440,173.8,,159.9,172.3,,1007.2,,28,37.81
441,190.3,0.0,125.2,166.6,9.9,,,,
442,250.0,0.0,,191.8,5.3,948.9,857.2,28,
443,213.5,,,159.2,,,771.9,28,44.64
444,194.7,0.0,,,,998.0,901.8,28,37.27
445,,0.0,118.3,,5.8,1043.6,754.3,,
446,165.0,0.0,143.6,163.8,0.0,1005.6,900.9,,
447,,,132.1,175.1,,,746.6,56,
448,,,118.6,,3.6,,,,
449,,,128.6,,7.8,,,56,
450,172.4,,172.4,156.8,,,856.4,,35.85
451,,50.1,,,,1006.2,,56,53.77
452,,75.4,,164.0,7.9,1007.3,,,
453,,,159.9,172.3,,1007.2,746.6,,48.99
454,,,,166.6,9.9,1079.0,798.9,,
455,,,,191.8,,948.9,857.2,,39.64
456,213.5,0.0,,159.2,11.7,,771.9,56,
457,,0.0,100.5,,7.5,,901.8,56,43.39
458,251.4,,118.3,,5.8,,754.3,,39.27
459,165.0,0.0,143.6,,,1005.6,900.9,100,37.96
460,,,132.1,175.1,8.1,,,100,
461,178.0,129.8,118.6,179.9,,1007.3,,100,49.99
462,167.4,129.9,128.6,175.5,7.8,,746.6,,53.66
463,,13.6,,156.8,4.1,1006.3,856.4,,
464,,,173.5,,,,,100,
465,,75.4,,164.0,7.9,,770.1,100,56.81
466,173.8,,159.9,172.3,9.7,,746.6,100,
467,,0.0,,,9.9,1079.0,,,
468,,0.0,,,,,,100,41.16
469,213.5,0.0,174.2,,11.7,,,,52.96
470,,0.0,,,7.5,,,100,
471,251.4,0.0,118.3,,5.8,1043.6,,,
472,446.0,,79.0,,11.6,967.0,712.0,28,
473,446.0,,,,11.6,967.0,,28,44.42
474,446.0,,,162.0,,967.0,712.0,28,51.02
475,,,,162.0,,967.0,,,53.39
476,446.0,,79.0,162.0,11.6,967.0,712.0,,
477,446.0,24.0,,,,967.0,,3,
478,,24.0,79.0,,11.6,967.0,712.0,,23.35
479,,,79.0,,,967.0,,7,
480,,24.0,,,11.6,967.0,712.0,,38.02
481,,24.0,79.0,,11.6,,,,
482,446.0,,,,11.6,,712.0,56,
483,446.0,,79.0,162.0,,967.0,,,56.14
484,,,79.0,162.0,,,712.0,,
485,446.0,24.0,,162.0,10.3,,712.0,56,54.77
486,,,94.0,157.0,14.3,938.0,,28,50.24
487,,,,157.0,13.9,938.0,,,
488,,,94.0,,11.6,,,,46.68
489,387.0,,94.0,157.0,14.3,938.0,,3,
490,387.0,20.0,94.0,157.0,13.9,938.0,,,
491,,,94.0,,11.6,938.0,845.0,,
492,,20.0,,,,938.0,,7,36.84
493,387.0,20.0,,157.0,13.9,,845.0,7,
494,387.0,20.0,94.0,157.0,,,845.0,7,
495,387.0,20.0,,157.0,14.3,938.0,845.0,,56.34
496,,20.0,,157.0,13.9,,845.0,56,47.97
497,,,94.0,,,,,,
498,,19.0,,145.0,,,871.0,28,44.03
499,,19.0,97.0,,12.3,967.0,871.0,,55.45
500,,,123.0,210.0,3.9,882.0,699.0,28,
501,,,,,3.9,822.0,,28,57.92
502,491.0,,,,,,699.0,3,25.61
503,,,123.0,210.0,3.9,882.0,699.0,7,33.49
504,491.0,26.0,,,,,699.0,,
505,491.0,,,,3.9,,,3,
506,491.0,26.0,123.0,201.0,,,,7,37.92
507,491.0,26.0,,201.0,3.9,822.0,699.0,,
508,,,132.0,178.0,,822.0,,,
509,424.0,22.0,132.0,178.0,8.5,882.0,750.0,3,32.01
510,424.0,22.0,132.0,168.0,8.9,,750.0,28,
511,424.0,22.0,,,8.5,822.0,750.0,7,39.0
512,424.0,22.0,132.0,,,822.0,,,
513,,,132.0,168.0,8.9,,750.0,,
514,424.0,22.0,132.0,168.0,,822.0,750.0,7,40.29
515,424.0,22.0,,,8.9,,750.0,,
516,202.0,11.0,141.0,206.0,1.7,,,28,21.97
517,202.0,,141.0,206.0,1.7,942.0,,,
518,,11.0,,,1.7,942.0,,7,
519,,11.0,,206.0,1.7,942.0,801.0,56,23.25
520,,,,179.0,,842.0,,28,
521,284.0,,141.0,179.0,,,801.0,3,
522,284.0,15.0,141.0,179.0,5.5,842.0,801.0,,
523,,15.0,141.0,,,,,56,
524,,,141.0,,,,801.0,,
525,359.0,19.0,,,10.9,942.0,,,59.49
526,,,,,10.9,,801.0,3,
527,359.0,19.0,,,10.9,,801.0,3,23.64
528,359.0,19.0,,154.0,10.9,942.0,,,
529,359.0,,,,10.9,,,,38.61
530,,19.0,,,,942.0,,56,68.75
531,359.0,,,,10.9,,,,66.78
532,436.0,,,218.0,0.0,,,,23.85
533,,0.0,0.0,192.0,,913.2,,90,
534,289.0,0.0,,,,,895.3,,
535,393.0,0.0,0.0,192.0,0.0,,,,19.2
536,,0.0,0.0,192.0,0.0,,,,48.85
537,,0.0,,192.0,,,785.6,28,39.6
538,480.0,0.0,,,,936.2,712.2,28,43.94
539,,,0.0,,0.0,,,,34.57
540,,,,,,936.2,712.2,,
541,480.0,0.0,,192.0,,936.2,712.2,3,24.4
542,333.0,,,,0.0,,,,15.62
543,255.0,0.0,,192.0,0.0,889.8,,90,
544,,,,192.0,,,,7,10.22
545,289.0,0.0,,192.0,,913.2,895.3,7,14.6
546,,,0.0,,0.0,,945.0,,18.75
547,333.0,0.0,,192.0,0.0,,,,
548,,0.0,0.0,,,931.2,,,23.4
549,289.0,,,192.0,0.0,913.2,,28,25.57
550,333.0,0.0,,192.0,,931.2,842.6,,41.68
551,,0.0,,,,,785.6,,27.74
552,,0.0,,,0.0,889.8,945.0,,
553,158.8,,0.0,185.7,0.0,1040.6,,7,
554,,,,185.7,,,664.3,7,25.42
555,,,,185.7,,1040.6,734.3,,
556,181.9,272.8,,185.7,0.0,1012.4,714.3,,27.94
557,,,,,0.0,998.2,,,
558,,170.3,0.0,,,1026.6,724.3,7,
559,,181.9,0.0,,,,,7,19.77
560,,359.4,,185.7,,941.6,,,
561,220.8,,,185.7,,1055.0,744.3,28,
562,,,0.0,,,,,28,
563,382.5,0.0,,,,1047.8,,7,24.07
564,210.7,316.1,,185.7,,977.0,689.3,7,21.82
565,158.8,238.2,,185.7,0.0,,,28,
566,,,0.0,,,1091.4,,,14.84
567,,170.3,0.0,,0.0,1026.6,,,
568,,,0.0,,,1076.2,,7,
569,397.0,0.0,,185.7,0.0,1040.6,,,
570,,,,185.7,,1104.6,,,
571,295.8,,,185.7,,,769.3,,
572,228.0,342.1,0.0,185.7,,,,,39.7
573,220.8,,,185.7,0.0,1055.0,,7,
574,316.1,210.7,,,,977.0,,28,
575,,,,,,1076.2,759.3,,
576,238.1,0.0,0.0,,0.0,1118.8,,28,
577,,0.0,0.0,,0.0,1069.2,754.3,7,
578,,,0.0,,,,,28,18.2
579,,,,185.7,0.0,998.2,704.3,7,17.2
580,,135.7,0.0,,,1076.2,759.3,28,22.63
581,,,,185.7,0.0,,704.3,7,
582,,,0.0,,,1012.4,714.3,,
583,,155.5,0.0,,,1026.6,724.3,,25.73
584,,,,,0.0,,,28,
585,,,,,,,,,21.92
586,290.2,193.5,0.0,,0.0,,704.3,28,33.04
587,,0.0,,,0.0,1104.6,784.3,7,
588,238.2,,,185.7,0.0,,734.3,28,
589,,124.1,,185.7,,1083.4,764.3,7,
590,,0.0,0.0,185.7,,1069.2,754.3,,
591,,0.0,0.0,,0.0,,,7,
592,,,,,0.0,,,28,
593,382.5,0.0,,185.7,0.0,1047.8,739.3,,37.44
594,,0.0,0.0,,,1111.6,,,
595,,,0.0,,,,,7,24.44
596,,124.1,0.0,185.7,0.0,,,28,
597,170.3,155.5,,185.7,,,,,10.73
598,,,,,,,,28,
599,,0.0,0.0,197.0,0.0,,781.0,,13.22
600,339.0,0.0,0.0,197.0,,,,,
601,339.0,,,,,968.0,,,27.04
602,339.0,,0.0,197.0,,968.0,,,32.04
603,,0.0,,,,968.0,781.0,,
604,339.0,,0.0,,,,,,36.45
605,339.0,,0.0,,0.0,968.0,,,
606,,,,194.0,0.0,968.0,,,
607,,,,,,,,,12.84
608,,0.0,0.0,194.0,0.0,,,,18.42
609,,0.0,0.0,194.0,0.0,,,,
610,236.0,,0.0,,,968.0,885.0,,
611,236.0,,0.0,,0.0,968.0,,365,25.08
612,277.0,0.0,0.0,,,968.0,,14,21.26
613,277.0,,0.0,,0.0,,,28,
614,277.0,,0.0,191.0,0.0,,,,
615,277.0,,,191.0,,,,,31.25
616,,,,191.0,0.0,968.0,856.0,,32.33
617,277.0,0.0,,191.0,0.0,968.0,856.0,360,
618,,0.0,,,,,,,9.31
619,,,0.0,198.0,0.0,968.0,,90,26.94
620,254.0,,,198.0,,,863.0,180,
621,,,0.0,198.0,,,863.0,365,
622,307.0,0.0,,193.0,,,,180,34.49
623,307.0,,,193.0,,,,,36.15
624,,,0.0,,,968.0,,,12.54
625,,0.0,,,,968.0,,28,27.53
626,,0.0,,193.0,,968.0,,90,
627,,,0.0,,,,885.0,,
628,,,,,0.0,1125.0,,,7.84
629,,0.0,0.0,180.0,,,,,
630,,,,181.0,,,833.0,7,11.17
631,,,,,0.0,1113.0,,,17.34
632,325.0,,0.0,,,1063.0,,7,
633,,,,,,,,28,
634,,,0.0,183.0,,,808.0,,14.2
635,275.0,0.0,,,0.0,,808.0,,
636,,,,,,1075.0,795.0,7,15.58
637,,,,184.0,,,,,
638,,0.0,0.0,,0.0,,758.0,,26.06
639,,,0.0,,,1038.0,,,
640,,0.0,,,,,,,
641,,,,187.0,,1025.0,,7,30.14
642,250.0,,0.0,,0.0,1100.0,,,
643,,,,182.0,,,,,20.87
644,350.0,0.0,,,,,,7,
645,,0.0,0.0,,,1050.0,,,
646,,,,,,963.4,630.0,,
647,,166.8,0.0,,,977.6,694.1,90,
648,,,0.0,,,935.4,,,
649,,,0.0,,,971.8,,,
650,,250.2,,,0.0,,,3,6.9
651,,,,203.5,0.0,,,,
652,,,,,,,,3,
653,,,,,,887.0,,,
654,,153.0,0.0,,0.0,,942.0,90,
655,122.6,,0.0,203.5,,,800.1,,
656,166.8,,,203.5,0.0,,,28,
657,200.0,,0.0,,,965.4,,3,11.41
658,,,,203.5,,,,,20.59
659,,203.5,,203.5,0.0,965.4,,,25.89
660,108.3,162.4,,203.5,,,,90,29.23
661,,173.0,,192.0,0.0,909.8,,,
662,,212.0,,,,,748.5,,
663,157.0,236.0,0.0,,,935.4,,,
664,133.0,,,,,,,,
665,250.2,,,203.5,0.0,,694.1,7,19.35
666,173.0,,,,,,,,
667,,288.0,,,0.0,,,3,
668,,288.0,,,,,,28,39.32
669,,,,,,,943.1,,
670,,,0.0,,0.0,932.0,,,16.11
671,,,0.0,203.5,,965.4,631.0,28,
672,,157.0,0.0,,,,749.1,,
673,,116.0,,192.0,0.0,946.8,,,
674,,,,203.5,,,750.0,,
675,236.0,,,192.0,,972.6,749.1,3,13.57
676,183.9,122.6,,,0.0,,800.0,,32.53
677,166.8,,0.0,,,,,,
678,,,0.0,192.0,,,942.0,,
679,,192.0,,,,,,,
680,212.0,,,,0.0,,750.0,28,33.0
681,,,,,,,942.0,28,
682,,,,,,946.8,,28,
683,183.9,122.6,,,,959.2,,28,
684,133.0,200.0,,192.0,,,839.2,90,36.59
685,192.0,288.0,,192.0,,,716.1,,
686,133.0,200.0,,,0.0,,,,13.66
687,305.3,203.5,,,,,631.0,,
688,,157.0,,,,,749.1,90,
689,,,,,,,,3,
690,,236.0,,,,,781.2,,16.89
691,,192.0,,192.0,,,,7,
692,,,,,0.0,973.4,,3,
693,,,0.0,,,973.4,,,
694,,,,,,888.0,943.1,,
695,,,0.0,,,,,,32.88
696,,,0.0,,0.0,,,,
697,,,,,,,,7,10.79
698,108.3,,,,0.0,938.2,849.0,,
699,203.5,,,203.5,,963.4,,,41.68
700,203.5,,0.0,,,963.4,630.0,,9.56
701,133.0,,,192.0,,927.4,,,
702,,,0.0,,0.0,,717.8,90,
703,200.0,133.0,0.0,,0.0,,806.2,7,
704,200.0,133.0,,192.0,,,806.2,28,
705,,,,203.5,0.0,,,,
706,,,0.0,,,958.2,,,
707,153.0,102.0,,,,,,,
708,,,0.0,,0.0,,806.2,,
709,,,,,,,,,
710,173.0,116.0,,192.0,,946.8,,,32.1
711,250.2,166.8,,,,,,,36.96
712,,,,,,965.4,,90,
713,,288.0,,,,,,,
714,157.0,236.0,0.0,,0.0,,781.2,3,
715,,102.0,0.0,,,,,7,8.37
716,,,0.0,,0.0,,,,
717,,,,192.0,0.0,,,,
718,,,,203.5,,,,,4.83
719,122.6,,0.0,,,,800.1,,10.35
720,,,0.0,,,975.6,,90,
721,,305.3,0.0,,,,,90,
722,310.0,,0.0,,,,,3,
723,,,,,0.0,,,,
724,310.0,0.0,,,,,,28,27.83
725,310.0,,,192.0,,,,90,
726,,,,,0.0,,,,38.7
727,331.0,,,,,1025.0,,3,
728,,,,,,,821.0,7,
729,,,0.0,192.0,0.0,,,,31.74
730,,,,,,,821.0,,37.91
731,,,,,,,,,
732,,,0.0,192.0,,1056.0,,,
733,349.0,0.0,0.0,192.0,0.0,,809.0,7,
734,,,,,0.0,,,,
735,,0.0,0.0,,,,809.0,,
736,349.0,0.0,,,,1056.0,,,
737,238.0,,,186.0,0.0,,789.0,,12.05
738,,,,186.0,,,,,
739,296.0,,,,,,769.0,,
740,,,,186.0,,,769.0,,
741,,,,,0.0,,,,
742,,0.0,,192.0,,,721.0,,43.89
743,480.0,0.0,,,0.0,936.0,,90,
744,,0.0,,186.0,0.0,,,,36.94
745,,,,,,,,,14.5
746,,,0.0,,,1104.0,,28,
747,,0.0,,,,,,,
748,,0.0,,,,,,,
749,,,,,,,613.0,7,
750,,,,,,,,,
751,,0.0,,,,,,,44.09
752,540.0,,,,0.0,1125.0,,,
753,,,,,0.0,,,14,59.76
754,,0.0,0.0,,,,,28,
755,,,,,0.0,1125.0,,,
756,540.0,,,,0.0,,613.0,,71.62
757,,,,173.0,0.0,,,,
758,,0.0,,,,,,7,
759,,0.0,0.0,,,,,,
760,350.0,,,,,,,,
761,,,0.0,,0.0,,,,
762,,,,,0.0,,775.0,,
763,,,0.0,203.0,,974.0,,,
764,,,,,,966.0,,1,
765,,,,,,966.0,,,
766,,,,186.0,0.0,,,,
767,,,,,,966.0,,,
768,,,,,0.0,,,,31.35
769,331.0,,,,0.0,978.0,,,
770,,,,,0.0,,,,41.24
771,,0.0,,,,,,,
772,,0.0,,,,,825.0,,
773,382.0,0.0,0.0,,,1047.0,,7,24.0
774,,,0.0,186.0,,1047.0,,,
775,,,0.0,,,,,,
776,281.0,,,,,,,,
777,,,,185.0,0.0,,,,21.16
778,,,0.0,,,,,,
779,295.0,,,185.0,0.0,1069.0,,,
780,295.0,0.0,,185.0,,,,28,
781,,,0.0,185.0,0.0,1118.0,,28,
782,296.0,,,,,1085.0,,7,14.2
783,,,,,,,765.0,28,21.65
784,296.0,,,,,,,,
785,,,,192.0,,879.0,,3,
786,,,,,,,,7,16.26
787,,0.0,,,,,,,
788,,,0.0,,,,825.0,90,
789,,,,,0.0,,,,18.13
790,,0.0,,192.0,,,,,
791,,,,192.0,0.0,,806.0,,
792,,,,,,,,,41.05
793,349.0,0.0,,192.0,,1047.0,,,
794,,,,,,,,14,18.13
795,,,,,,,,,
796,,,,189.0,,,,,
797,500.0,,,200.0,0.0,,,90,
798,,,0.0,200.0,,,,,
799,,0.0,,,,,,270,
800,,0.0,,173.0,,,,,
801,,,0.0,,,,,,
802,252.0,0.0,,,0.0,,,,
803,339.0,0.0,,185.0,0.0,,,28,31.65
804,393.0,0.0,,,,,758.0,,
805,,,0.0,,,940.0,,,
806,,,,192.0,,,,,
807,,,,,,,,,
808,,,,,,,,,
809,252.0,,0.0,,,,784.0,,
810,,0.0,,185.0,0.0,,,,
811,,0.0,,,,,850.0,,
812,,,,,,,,28,
813,,,0.0,,,970.0,,,
814,,,0.0,192.0,0.0,970.0,,,
815,310.0,,,192.0,,,,,38.11
816,,0.0,,189.0,,1125.0,,3,
817,,,,,,,,,
818,,,,189.0,,1125.0,,,
819,,,,189.0,0.0,,613.0,,
820,,,,,,,613.0,,
821,525.0,,,189.0,,,613.0,,
822,,0.0,0.0,,,974.0,,,
823,,,,,,,800.0,28,
824,,,0.0,,,,,180,
825,,,,,,,,,
826,,,,185.0,,,,,
827,480.0,0.0,0.0,192.0,0.0,,721.0,,
828,522.0,0.0,,146.0,,,896.0,,
829,,0.0,,146.0,,,,,
830,,,,,,,,28,
831,162.0,190.0,,,,838.0,,,33.76
832,,144.0,,220.0,10.0,,,,
833,,,,202.0,,,829.0,,
834,,,,,,,,28,
835,,143.0,111.0,,22.0,,,,
836,,,,158.0,,,,,15.42
837,,140.0,,214.0,,,,28,33.42
838,,,0.0,,7.0,,,28,
839,,,,,,953.0,,28,
840,,239.0,0.0,,,,684.0,28,
841,,,0.0,,10.0,,,,
842,,0.0,,196.0,,,,28,
843,,0.0,184.0,,12.0,,,28,
844,,,130.0,,,,,28,
845,,,,,,,655.0,,53.52
846,,,,,,,,,57.21
847,366.0,187.0,0.0,,,,757.0,,
848,280.0,,,,,,805.0,28,
849,252.0,,76.0,,,,,,
850,,,,182.0,,,729.0,28,
851,,,,,,1022.0,,,
852,,,,203.0,,,,,32.84
853,298.0,,,,,879.0,,,42.64
854,,,,,,,,,40.06
855,,121.0,94.0,,,,,,
856,326.0,,,,,,,28,61.23
857,,0.0,,193.0,,,,28,
858,,,,,5.0,,,,
859,,149.0,,,8.0,,,28,
860,164.0,,200.0,,,,,,
861,,,113.0,,,,,,
862,321.0,0.0,,,,,,,
863,140.0,164.0,,,,,,,
864,,121.0,0.0,,7.0,,,,
865,,0.0,107.0,,11.0,,744.0,,
866,,,86.0,195.0,6.0,,,,
867,160.0,,,168.0,12.0,,,28,39.45
868,166.0,,,,13.0,,,,37.91
869,,116.0,,,,,,28,
870,,,116.0,,,,813.0,28,
871,,,,193.0,,892.0,780.0,,23.69
872,159.0,,,,,990.0,789.0,,
873,,,78.0,,,864.0,,,32.4
874,,,,,,,,,
875,,,,,,1002.0,,,36.8
876,,,,,9.0,,,,
877,,,,,,,,,
878,,,,221.0,11.0,,,,
879,,210.0,,,,,,,31.03
880,313.0,,,178.0,8.0,,,,
881,,,112.0,,8.0,,816.0,28,
882,153.0,,,,,,,,
883,,,,,7.0,,,28,
884,,,,176.0,,,893.0,,32.96
885,,,,212.0,10.0,,,,
886,,,,,,,,,
887,,,,,16.0,,,,
888,326.0,0.0,,,11.0,801.0,792.0,28,
889,,,,,,,,,
890,,,,,,,,,33.72
891,,0.0,,220.0,,,713.0,,8.54
892,,,,167.0,,1074.0,,,13.46
893,,,90.0,199.0,,,,,
894,,,92.0,,,,,28,
895,,,143.0,,,,,,29.72
896,,101.0,78.0,,,,,,
897,,,,,,,,,52.44
898,,120.0,0.0,,7.0,,,,
899,336.0,,,,3.0,,817.0,,
900,,,,181.0,,979.0,,,
901,,,0.0,,12.0,,675.0,,37.43
902,,,133.0,,,,,28,
903,,,,,,,,,56.61
904,,,143.0,193.0,9.0,1047.0,,28,12.46
905,155.0,183.0,,,9.0,,,,
906,,0.0,,,,,805.0,,
907,,,,,,,,,
908,,,,179.0,,,,28,
909,,,,,,,822.0,,44.52
910,,,,,3.0,,,,23.74
911,,,,,7.0,,,,
912,,,182.0,181.0,,,,,
913,,,,,,,,,
914,,,107.0,,13.0,953.0,,28,
915,313.0,,,,,1002.0,,,
916,,,143.0,,9.0,,,,
917,,134.0,,195.0,6.0,924.0,,,
918,,,,,2.0,,,,
919,,,179.0,,,,,28,
920,,0.0,0.0,,,,,,25.1
921,,,126.0,,,,,,
922,,0.0,,,,877.0,,,
923,,,,,,,,,
924,,,,216.0,,822.0,,28,
925,,,,,,,,,26.97
926,,,128.0,,,,641.0,,
927,,,,202.0,,,,,
928,,,152.0,,9.0,,,,
929,,,,,,,,,
930,,,,,6.0,,,,
931,,,,,,,,,
932,,,,176.0,,1021.0,,,
933,154.0,,,228.0,,,,,
934,,,195.0,,,898.0,636.0,,
935,,,,213.0,,923.0,,,
936,156.0,,,,,854.0,,,
937,,,,,,,,,
938,,,,,,,688.7,28,36.8
939,,,,,,,,,
940,145.9,230.5,,,,,,,
941,,,,,,,,,
942,,,,195.7,,949.4,,,
943,,145.0,,,,,824.0,,
944,,,111.9,,,992.0,,28,
945,,145.0,,,,,,,
946,139.9,132.6,,200.3,,,,28,
947,149.5,,0.0,175.8,,,,,32.96
948,,,,,,,,,23.84
949,,,,,,,,,
950,,,,,,,,,
951,,0.0,,,,,,,
952,,,,,,,822.2,,
953,,,,,,,,28,
954,,,,,,,,,
955,150.7,,185.3,166.7,15.6,1074.5,,,
956,272.6,,89.6,,,,,,
957,,,,,7.1,,,,
958,,169.4,,,,,,28,
959,,,78.4,,,,,,
960,312.9,160.5,,,,,,28,
961,,,,,,,,,
962,,,,,,,,,
963,,0.0,,,,,,,
964,,,,,,,,28,37.43
965,,,,191.6,,,,,
966,,,,194.9,,,802.3,28,
967,,,142.8,,,,,,
968,154.8,183.4,,,,877.2,,,
969,,,,,,,,,
970,,112.3,,,10.4,,,,
971,,,,,,,,,
972,,,0.0,,,,,,
973,,,,181.9,,,816.8,,23.74
974,,,,178.1,7.5,,,,
975,,,,,,838.9,,,
976,,,,,7.0,,665.6,,43.58
977,,,107.5,,,,784.0,,
978,,,,,,,,,41.05
979,,,,193.8,9.2,,,,28.99
980,,,0.0,,,,,,
981,,,,,2.2,,,,
982,,,,,,,,,10.54
983,,,,,,,,,
984,,,,,10.4,,,,
985,,0.0,,,,,,,
986,255.3,98.8,,,6.5,,,,
987,,,81.8,,,,,28,
988,,,,,,,,,
989,,144.2,,,,,,,
990,,,89.3,,,,,,
991,,,,,18.3,,,28,
992,,,,,,,,,
993,,,,158.4,,,,28,
994,303.6,,,,,,,,
995,,,0.0,190.2,,,,,
996,,,,175.1,,,719.7,28,27.68
997,,,,,,,,,
998,,,,,,,,,
999,,,,,,,,,30.12
1000,,,183.9,,,,772.2,28,15.57
1001,,166.6,129.7,,,,,28,
1002,,,,201.3,,,,28,
1003,,164.2,,,4.6,,,,
1004,,,,191.3,,,,28,
1005,,,,,,,,,
1006,,,,,,,821.4,,
1007,,,,,,1023.3,,,
1008,155.6,,0.0,,,,,28,
1009,,,,,,,,28,
1010,,,,,,,,28,
1011,,,,,5.7,,,,
1012,,,,,,904.4,,,
1013,,,,174.0,,,,,
1014,,0.0,,,,801.4,,28,
1015,,,,,5.5,,,,
1016,,,0.0,,,,,,
1017,,0.0,200.1,,,849.3,,,
1018,,,112.6,,,,,,
1019,321.4,0.0,,,,,779.7,,37.27
1020,,,127.7,,5.8,,655.6,,
1021,,,,,,,,,
1022,,0.0,,,11.1,,,,
1023,,,,,5.9,,,,
1024,,,,168.4,,,,,
1025,,,,183.2,,,,,
1026,,,,,,,,,44.28
1027,,,,,,,,,
1028,,,,192.7,,,,,
1029,,,,,,,,28,
1030,,,78.3,,8.6,,,,
